{"file_hashes":[{"block_hashes":["Qpidq4K5xBrFdEvjOsFFt+wdvL1llVULr+d/efqMj/Y=","F4+Vs1rU9zDmRXDgCXs9OFvwkzo60Zl5ctquH+r8k2A=","pfrsP/mC3Gbe1DzOFx+QnkUdrSfjEKVLjerkedNzXgM=","LbI5/NtXapVPmzj6ZgFPt9Djvp1VxTvUQ+dUllfu7io=","wRdcFmBgAaoCEGc4dE7z4/17V8FEoSczXg3H9Q1vYLM=","EDO98lgXSS8MPQ2nLwlzz9wfufrwKkWrzQeQnK43Pfo="],"block_size":4096,"path":"icon.png"},{"block_hashes":["KaRY0VQIfa0bG7yObVJWvvI5NxdJAb70z7/OYLP279M="],"block_size":4096,"path":"less/popup.less"},{"block_hashes":["Bsk/sILDwVvRTOXQtz2azroYbRme0KgX96jiNv37dSo="],"block_size":4096,"path":"popup.css"},{"block_hashes":["BCpza05RCN2Bsf9UZcrtHkTTYsjErb1mmRC2k0/sr8E=","CtTeA8EwmoE/fA7nE5AadjP1eEQnnCmdtV1CGNNvP3c=","lmlhUP9jM1QiubcipZr8cL14h3STKvhU+Y21g7Mgxuc=","enGdEydP+pptXDG3zkNbDvlKXjUI2N0VYuP6IzBfF5k=","SrRyJb3qOVbq7KfqpirLtwlJrQLTFlV4RDVPSWBy+dw=","IvhrW7SZgQbHWyt7ISbrxDAvVCluvODOqjm3r0hjTa8=","EtUyFsN/bZ8jo3whGxtpOsDukFBPfb7+W4ZvKiXwaPg=","NdaWSetOeTZ/Iv2Mk2B6SNSYK9/tDB1ffAFfniVKb1A=","Sgnkdb+BLdMD0BNuoU1PWd/SnMzg7/rBOwmLEAtwREA=","yIQ19+uHfQrjAw2Z1xWXwIRNyea2ZlkAa0rTzJVelgQ=","VlrysYA/j4Z1pyBy+VTimdpao9HhQIY0r808LnVOo4k=","jCVGWTrpTA+9/xG2OJkL4d2GYirLaiLix0m8CsSvOvE=","+fKA5o1pGBB6k7GNYjIODqDhrOIk9qOyxZDL3SRlQd4=","3f+XgYhJ07Rrh5xJOJy3UW4tmZ4mNh0EVsBzkATHhYk=","+Ox0NWjcApPphMmpTOiSbx5CrFZDQXge2zOCOe1CqGU=","sM5w5vE1GsjbeHUvp8RIFgW96P6JthXznHLwl/P5hic=","3DHEigo7vBFnS578DQrYzzL1e9CUkh9CZzcMXwZeWWw=","BmP+g8IFHRDtXZqsa0uVVzb3qzjIaHdGKbEmETpyEoo=","ZopgH31cv2v3do/PRnDJCr3BQ88YnKrBkzBxv65syZI=","9i185CCsbRDPHQrFcTLUiMPK7WsjHi8Aoi3kuHFvNbU="],"block_size":4096,"path":"src/background.js"},{"block_hashes":["EAoxTVCaC6zcgcgIXJf5Ov5WZPeglVxMD0kyEqP+vvs=","NBYtRE5dlzmMwrLwhRcY0OYSrrinKf5PJmUByPNk0Hg=","FnvR0MJm4dOteYm47fuUaQ5xpIYUWUlg7znzkHpeMso="],"block_size":4096,"path":"src/content-script/ozonbigsell-com/main.js"},{"block_hashes":["KmpWD8/Zn/YUrY+ujXB3vBXFUCTyZ5oAdpK/BjbZ8OY=","/oqyGMFHGvR8a+DXbJs48i3Hq9EkzK8NFFZTh3lfDQ8=","Apib7dY1PeF6Jl2fvbvA9nch03ofyJE+GkWz+BfevdM=","j7TJtMC/oDBs9clW+17qXnBnKBfPaiSNY+k+zCtBGB0=","iVpq+yhNU/qlViiKqNS35nVolESkNqUsN87DLHlJDo4=","5euNxc39/sH4CHNspqINWjUUeEJqr5P+lcR17FkA0Co=","WQaPKV9PW3Rq1xrkcSSc1GeFToyzTpQWh2MVLnAqwKQ=","i2Wkw3pAyIwr8rQEuuvZTbnkBvIpt2odug+5I2yh1i8=","ssCFVKly8B7RUAC/zv6UJogOreeA1VmNSRxM4fNjBYM=","WWMeiVEm+Z5IP6Mc38Ipm4eocbz7exPOmmlftQAJ4TI=","ViXZI5B8kJNr3nISP5FIfyHUtWEnyk3xRrJhD9oZpRg=","MP8fBGA0/843yUi/mxnzJzbmkCVR5BLXbGPBLeNgPyo=","fgS+jUFG3KvS/zjtr2ImmTE7RAHsNzTI69mKcyEBpRg=","2aaB9X6iBXoZHQICe9kGe2gk8dMPOaE5TEA58+82Q8w=","vTRtz37tsJCWaucWyD72U7b3YNyNuoCyGcgeSU4WfYc=","SF5D/Md586vY7qll+P5dUNXFCZ4MiZ3dtuW+SUjXjfg=","04NZnJffCNuraFayx6WecdGBOFN6UqpDlv6T4JTlW74=","+8fRIhmR1g/s2MSK3J3DlD7XkUcO0MY3y0PSqbQp/bo=","ZCcPLuh9QAt376w7q7+lCaqudpj0O3FqHDHNh3VX3JY=","RwYCS+K3fliNkgUXplNFY8JVPP8AUqOKZN7rLcUiYw8=","bEVRZZCvcg0j1/kg+NUrxVUDKJXJJEmjInV2r5e51vo=","rh6NeQpRKL+xCpC1YpEqsKa+NMoVLZ5huYlEDLCgGwg=","UXrRMS27NLmN+GksQ3KXdi7tbPXH4QYdwEA87V+y/K0=","Wyry0Vnp74lebcsjM+pha+sqDErOK5ecK0ixfzGLJGU=","xMlRyPoLps3EIztDe+o/2M9yiKKhnCtoOaW/jXWXDRM=","tSB6nZWEUlxarZK3O49AjC9K8rASCg9x+c0phGryDKg=","qc6KP0/7ZhJM5CRa7ZEYWYuelGlz1N3mbM1bB1CbqTM=","4uWO3/d/0ktyWMY1WPbqTM2eD0YhSrl71kjfIXmCZ0A=","lx6nNEoqcgndZUFMvjJB9vfHVGoMO9BNB95/veYjrBY=","8Dw0ApAyPOT9dT8bg/Bm+YE4Ea2DeUTBpmlYFRksB5k=","FgsFoaJOEpJer+waMYut+wMPHHFjiPebAYHN6o6siWY=","7npwIuk3lcH/3gYEgmyBnbDW5tmZFxCf/l+kMldPFIU=","g7IbWnF4k4NGTIjTOPSajH32YArj3ZMZZ5IMEjDfhrQ=","CqEwwVZtsM68fBhMsEDqKcg8OvCG3BGoC+r0S+oTrAg=","9TSniK1zP7s9FQwj6oXp4DoKYqpCIMhXP/zfoYdjops=","pZm8JPtUfhnn0vleggaYds8BIc5jgIBBiSTfNLQHMIE=","phJJbPbbNZRXDXGPk2dqcjcjvDiFlScJ6DIR8vMbwlo=","CBmlRKeutswFkkJMtlTfMeZ0OiEhVQ6UxJ/CrrmnZaY=","HyFlmRxgsnphsollIuayzzL5Sn8r1RF2UVOMR8bu9B0=","6NsRPvObN1RIWBb9R0ILc5JdMY5l/P3pMqILgrLD8Es=","Yfw3BAhRB+tYANKX4nx/zk066HHnKSLP+RKXeDC+9sc=","78NEmxKs9WAHJjcS1t2oo/PqxAAaA0lt/S2O02z9Znw=","4pSoD6y3WcHoLBViY8/zcFUOfleOOEgB74UmTy8bv+w=","+gIuKi0BgkoawjZ6bOO0sPlIOdGywaBN4Cj6yBpzCAY=","EbcZbtNmrK2q5J/xoRBEdFqqR/hcehCHAgEibSTc2/0=","kF8WDyuV+7ECRQZb3MrvzI4vVdCrXr6ocOunOFBz4YY=","H+VK3AdQbeU6ma3z5yOLS4eb7FIpc5gGBbo1O3R2cg8=","rq80NC6xXfgTDgNzp7wgNH8RnNJ/UMqjMAyU3G9Axy0=","qXcrHsygl0Tv1exa7jMfTjYhvagw1fgpjmMaKwLJYjg=","a/Bhr921ClGzkz9Uc23ubXyql7guSRO3H06GeNer1YE=","XZ7+QcE0CUIJhAbFrl+cVPxDj/1ukKOurSyRy/GlJq8=","bXORwLk8BaMrEfsYUmTpsO/NThp2+timdfJZlqX1U44=","C7bBq5I68Dx6akiI6Qd56Xp3svESOXpvwE2I9LsvHdo=","HQU5k2Eg9XyZRQ2i0fJ5813BfUYIzB/RF4pgLP1fgS0=","GEYDIQT1l5EVqsDwHIAd0vDtFN/2PerMcqAZIcHnJOA=","fvCgz/Y3vUCzY94ZDH0r1n9X7Mh90p3Otr6mnjafokE=","eaA+TjcUdCUkTegM6FIDoWa5lrFrICiecl6RJZArvaU=","83vmDr8q+NNow+lQ+54ueJ32EGMqm3cOWfu5/XjzmeY=","peTKk+fzkRv0S9E9O3YxAASuE1W/4TOvjCZheIjtkTM=","vjOFvvjK5X0hDiDWXhZ4SMVJUElXxpxdrdCg0oe6T0I=","NK++ydtmny2vehgKhDSBE6TMP5M0Drdhtgo+5hCTprw=","WT9OnoI/0NEjUl5EIJe8Tq9QTYQZAR7i4rKTctrzCcs=","GHJEZsBHL9sRqnt5iCRiPT+W1xibGSAtxikJhRw5Tr4=","Np6lPoJ45VGam/yoMa+NSDzMdRh1l/oqgxVhYKwpvFI=","m8Ud+0x1T0IX8o9T0CrZBnz9a1lLzdp+himeJEkRcek=","mZwnVpSdwGfaCYPVQODHFWHZEVyhBh5woZYnAW92VE4=","1NkI8Kpt3JNam/TtQJ8BseGtHEh5KoNIlx9ik2ul17w=","oXzKkXkfcBVQnFAiQEYq0YSrM8UwUzWv0q9VK7tCa54=","5HqkhLvQrQxmwYiACq4iadHJfFkfsppZTFtM4X0LhY8=","vCbcbR9GCSQXafvrB2+ROTZQ/N/+OBnZovsSxgOVPn4=","lo06s74HP0VO7cf9BXnwxF1leVqcmxGc0Do0+Fltxc0=","aUkdYXanBADe4u8gdrtQMFfjb/t/0UiUhxzq7i0spcI=","cYavg/wAB4I2yqPMguke4Q7A7Kcnvi1MNatEfABhKns=","3RsnlLYB7XHl2suMmL61GWp5tBEX82k1TIGFgrpHH3U=","snbocR5pyyIIPQ8t7xrxBpLk/C2gFnlYHz2TADzjJZo=","Jfda2VUn/gsq4kXq6q5JCYbMqGUVGUyIYgLnXxWnSE0=","pRuvf86WkxXcfGBoh3e9uEVsdlPE7kBM7/p3cCQf9Qk=","lQIFrmAbVvoa9g91CkEWhfEhwx1ODnMjAze1ssl77ww=","TccsZfA8CmvKzJ3vWmtGsLAsANOSH9xFJeBnaysOReM=","5lTb+dxbrqSe5V+D0kBCnlXs9SwkgUvyPw7HM52Ha8o=","T6A2QzfF0sldFAFo0WRA+nuukRieMCZyrR9MXMQN4oU=","zdhXyd4LwLVEog4nEsNk6ErU++zPejbi+StxJH6uXlA=","Jmr9SycVKLsSxlv/x4lnvTQ4ijzS6+qL4ES9IJ98dok=","Pgp/cMZ9Ondr7F9//WOpHR7TiwzVpc+dcPKqCW3pDug=","2sdAq9oKmrrImO8uYdfz5HeyC0WmYpTi8SneSP1nPOU=","5d0WGdNvf++JeDhAZLHd6Rc0MCkFGvggQhfTVRyHENg=","r5lj7yDzHI050IVljCdUhhm39YuB79ffcaydPEiM164=","arZAws61jE0FnhU8CwHCru4c5AxbrNrSCW4Trzm/zcQ=","YaiCoNXIMrxRO6Z8p5a3qSROMKYpPWMeylHtcCcqSD4=","5szAQRLl1an6P6pXOHlztOD9bE1FZiBcfXJ76yu92ek=","ThIIpwqp4G8xz2AM0mJY35GSADJnpXSITYOcHs18E38=","L0zSfMNKElxDjmkfLRrfE1rXbYPqg64EswycoQnf98w=","N3XByPHpazerSdh9MYKMEtqbAMA6idhSGzw4l+KODoM=","q19ObGGeoUOl9REQW2k/GLqe2gs4Ku3NQVDvP9/t5kk=","GKmtwGflukG45ihEkpoX4sI0efZ0B2nOKTcZ3Gaj56E=","GUSsI3CuK2+n6QhsFMjku5ncU+FINBhqXDOH0vgdI7M=","SVjRge4dUlS95iufNfmTG4i5kP/+Rb/yrR4q18h0n74=","0k0VlW/hu3jxTLCFdJrVUFwlE5NiPTJW05v6JXRXPzE=","R2PL7eHgfdP5XztcFYQdolMhg8cvtf8WRtGFdFRtm6Q=","oUySgP1s386glQL1vhYTGZgBG1aeN0u+cFJ62c9o5v8=","fLXPOkyOVntksxbSPs1g0obP1wXAVWUiQiwLcfnKepE=","l9bo/bHbwC02RBNcCDCSwgUTB0iI/Y4QnWtUIzVmfnQ=","JwYN9+Pa/Rxe/3Zt//6lgs0HRtqfV1UTxfP1RFmA94k=","HLmBfepGnkdALUPSZmYDE/c8AlVN0WhDx9sDuj7NIRM=","q1bZwUBEUAYmi0YaK9icPmqA9CXLtPKeH4DWsGBff+A=","5uHNBQsH0HpHzotVexX0NJuPN+sZbFDtkBnRgYkuwvA=","hSQOyaVVEaj24ZNtStYb2fegcgwgE4v99eT4d6+S2fk=","i5GrGXrnaa8A4c6Fg6gg+0KqDBMR9jTVlUD+Q1Aa4kY=","hN/0wcCIWh9pFjP0PnLdKYZAWadJOXFwv748f0b9zgs=","95frMJrt2UFw+IiTv0S/as3tuyb0ZexHbWkcP7QmYhQ=","AoqTgxEdU1oSgrNvs2Uil8ZEq3RUl/3osq8NrmvcjY8=","C/V9eZUGzO7+iayqM4qcc43LN+SzpqVoGUxyduw5C4U=","ppcKXCUFX8rNPdP8B4SfxY1oF9BLxjuVIPOjM2tiH4g=","TS16yxrbNClhV4TfhL9aYScs+zYyZ/jrU1Ek7YU0GGg=","Wu/nkbjKpU2dQtY35skm73O8yY5fBTv8jES8KrSUTn0=","EPiGN4A3ksD9WqKm8Fqg74WtC03sLa9ESFFMUlBvEuQ=","NeV4/QVpAgVTC8isCKopRdw9fJV5Ze+bnxElrjBElsg=","ciZyKZKiQ2BaLSM21S50Q83aKODsJh6tmQ/xUpqdQg4=","jv+9GbS+p3XqVpcip39UWQ6ed8q+k47C6HMde5lDFFM=","L7f9UqDBjrWzanWSlSQOOpGVDrmRLgR+Ivf+s97QrPY=","WgMJ3hMaiN0YUVcBRyj3atxZuAMy0LOK2YJt/rgMcIw=","7OESj7CFfuNBTqgcLaS3kcrJ4AnstlPNlTxKq8uVJ5o=","76aeK9/EDRp43CN39x5X9atQdH8eISgqZEB4NKrJWPE=","Gfryrv4AK28O0ZU4kgrXGt1xjjMoXeb17ofC4p6LfXA=","7ipNgnDe2wyxu/bu+6PVtEzX0Wqo+Tt5brcAxIdLpuU=","k9ovGwa7elCSMtZbqqtpP8VK+65d1WKZzrU6oRbvlh4=","GvLShArxl/yctEsTZPJGtGBEcvp5DBWheQPHrdynHys=","HOkRicCNbUHbMm6z96zYqcsQiQt8MTViqDfhbBe9Shw=","8/mt4KZ5vISTjmzofIxAZ9/FhSGnUOWTD+ejDqjrJAM=","tqtmbuCf9piKjo0w5lQzeJK/PanPIql5psMNVOGIFXY=","O7DMgDNc5csvQQIeRYrWUWxGce2lKDROaaLq604KHKw=","a458T/b+2aSf++ROG9iXf/oIzB5+VxzdrL4W0d7mw1w=","Psa5ESitS/+wse/LHaAzNV/PCtxDxGvOLVxjFJbsdEI=","Wt0HnR1F40E3YKu5DEYiyauKrDliB5Bh3Mk2kFvxxog=","+VOj1Zs164R/lig7XhCIZHOW+7XvUONbk4IYexT9Zkk=","ilas+gOmH5IldvQFgJs3D9PsJl+vwwsrTf4Kvo2SmR4=","4yQWR6bhP4DJHnuyjiTMmu+uOfS0bjnzevoNFQ1k8yI=","lVWtgSjzXsUw/Ev+fBLtU9HkRdG+yNv39eNJPR2p1t0=","0+rIuy/isLajXv3Aiw1RMdcGcYYu07HWxL/7ELGzpLk=","l2CZnCFcOlt4Y/iwIRHfCbqhZENHsE42/KGFUgrpmsE=","ymIQ5PZoX8RVzsvzm9+/+hfzu5JaRn6SSuqT2ZPdIEY=","Uc+7Lts9O5QPurMyWvpxM/XE5OZ4NqMHPY1VcpOPHRY=","KseJik5qsalUQ6PcyLbHbP161Yx0w451ol6KGzpi8Do=","ITe8wLjYYMWidgiDH4BWeI7M88bSkJ/PjqwbT67s12A=","+MCW5IejeKnThVQhpOiBGtxWUOKv+2aquU0Mx78Ha1c=","Icefq3YQCF7wBC57o7fWM91F1qhBOzOhQ1ZLPClLO4s=","Z8Lfg3g4sUHV1udwSm2ycAfisJHh1dJW/yER4gCqnMc=","maUNCnsifleejaAo8MsmGsPK8COa/tiwL1u3wlGt91Q=","4BZrH230D3ZxklR8lKP6af/mjd5atXwElZXM5BjfCec=","onQaDutqWu9xYVO1RX4epWgVwslBpIhtG10JOmtZ+DU=","WWxWj8tMWI5qTIt2FF7ME7Gg0Yy9edIycpzLc0+u+W8=","GxEzmLpEtsagms9RdVbGMXfF4Le1J1l5CeBeuua/TNw=","HctS6Kg3U97MWnBJuWH4lN5tgyRAlnssF5Gp7mg8Qfk=","CbmuiValAWhPDQ759shRLJ5nuQrActkd5CzR4z87geY=","Yub+Y7vAVl/9D3xWImMKTD3iXtj2PjqW3ZFwPPScU9E=","t0dpQbvU7G+kDsbhyWFvRfkOk8yhC6Vd2LZffP0y4V8=","6F0VmU9Dv1O9E44Y5rnKZsUIl58MtpT2gI6so61TzzY=","XtpysEcwfuA30GyQYRzeU7pQxTZSSJNDX5Ieg5BRkxA=","RL1sh91qd1jJ0h8KmU/w+8fzMm7LTcvJjlFO3b3zZNM=","SYs0QlsWqnUrWZWSd2u0YhGplzm0Cf5hjwJrVx3AQ0o=","vJu1v9NLGYK02eifTExi73f2y4TLRGqzkic7J3JIqJA=","Zm3si8ARVsD0iEwPQUrw9pkdHYu5tg8LVn8Ir0Obdk4=","vedapzco7QBbSXBFtvBo1k9XE2BlfKG0twmYTWmucc0=","uOrcLTYbvxhtNmIxBI50/sl1sWu9QtX9qWHMiJR8ah0=","1B7TOBLM/Mh8B3jY38IoKivj6A2g98j1u4UQpPT/JzM=","P5Pnr/dk73w6QblJ0pSetwg2jOk4PxXfcSRjI19WEQ4=","Zz7ZIUES4jwy9FbIrgjF7Dv2t2HyEDu43/srBK+0cOQ=","bwMXJVV0J9BFucg7o95pBOI6XSLnBgBQuN1CfJYzoxI=","3Xq+SA9Y9yDeaicq6/EICKx5WXfoy4Fw9R9MhnnNGko=","oYFePBpmoWcnoC+GV2o7EpveUhmgmTR/mZ1W6grtbFY=","Ceit0ty9SMELEde3u5mC6I4Wo2MpZ3Sro2z6QMaKI7g=","AHiK8yJdxoE9WEBExnyqLbolmT70E5ftf3Pwidh11R0=","605jwV7jx41UXlGmBKIen9zrWuuceagyBlUNBpuwQ1Y=","gPtxpxY+mY3P7kcJujXmMzoImCDADlcmHknhMH9JLrg=","VQZZR9HNwDHivpgZNCzLvPggc20PeaEHOKP0OrC4yfM=","tfVsC3iNfAiSEWnKwzaCBlFEyQIpEBTJMiKCIwM3tw4=","GSgkEhowrUNfN1WcyW1rrzY0YUrlBiwjja+gz1/nCrs=","R6J3sc7fqFYQhWVkYFhXql6Je2tm9M8ulxKZcadEivA=","SeuNZ8N3bkKPUzd+4uoYiFPsIBU8kbvY+RKfli5OsXU=","M5jRu9yW0TXPjsK7Ged5FVoqSeYaLDlWGGg/lEMrfgI=","HgmYEDZzMPDb/cTnlOAWf4bxa7dl2jYSQTp3PeQdpAg=","5/aBImWHwicpJ8ajJRpFKpiJDGdqSidgs2EZWobpzsk=","Sg/0BmaaPuypinRLpcqEVHBHnFPIbm1KyBFpJVwwGjw=","z0degT+WhD+UHNovZ+3KlXvNOImCEFFI+7X16M2lN+4=","ah2hQNBX8EZqCqD1pKr8BVvMBnAEvWiqUOsYM02+Uqs=","7gqlVjb8dSaDbP6Hvqdtq1FpznmZew7QnXtWxVf1n3c=","HrDpICfnH70XwHpbMQqpvmYmLJe9cnQ1z3jxjsywE0Y=","89hjXq2Alr56f1Jk2xmyT8SYyionZgRp4p9DtwhT/9s=","d/djIeg+/DUhVuI98wRJrnPstEeZGbuj0S/siswKP2o=","bBwsE45F1GeOTQxQ74IpbcHKm2HGAlmCblHV0DeokJQ=","iSq4pAKH3OqBA0UVzQiXnhlD1OEBIdLd6ecxMc73Jik=","jqVwOYXKGKqriq543TduYU0WY2fNlpxrgTW037PVrHw=","8F61yUZAmiibWz9rA1QcpGnXL3Qxfpo2AI5LiuQthqY=","gQkWeW9rkH2bq+uQ0wWUqp6CMSmPQvOl5IUWQ0QchzE=","pfxNIdyjoumPfkQ2aZxMCyUEkhuZbua7V2Y5/LV2h0k=","wF3KrqaLtYXEeA4llCRNUSj5N4zWiq3wo6zusJ2dLaA=","ngj0oE/G2fDptKJd+MDNW1nO1vFhXdiXUqR8Og5obqQ=","SHVn1Oqw0k/YS9sS0f7/cSn3zH+eh4j1Qy10YTjmbCA=","ipCRhUY+uS3bqUxUsPcLYLg7YRbIyKiWRJSmveJ4Crk=","rv7mBNpt6Yp//j6KzyYfidSeZUc7Odf/mVXFbPGxoLY=","87mRN0lZGyNw2hLaRBAdM61CqB5nUAUkCUCG3p7Itew=","PJMeI+R9ZC+1ENvILiPlkDSRxarpMSW45D6QlWjx/xE=","H5TNAaXJg3iIZ8tIZgoTrfIPasmoytmAySk8kZfn0wQ=","myZmE93N8fVwfjpSuK9o2XPVfwv35H5FaxyYySNTv2Q=","0JlcowPQHACJ5elL6KuVTnHvwbavC42R8282pd0/htk=","rqlpmwmxEogGmhfOFzoYFHOUPfGcLFojNYyFCu6Jq1s=","3Ntcn12SPCvZrB8+odW7ACG7E6v4Vv8mwSZPCiy0jMo=","rgO+pwN1/mCLUiLE3yAut9J7GUUzoGOXbNpxzMDVyNI=","p5yHwD1lG4jWtQadNucyuyi1ue2hF8FJi1Qkp+pe7Vs=","TOMjfXw/bow1jVsvCh2lxBZVeeFNZE3Z6ZkyZeXuVdw=","eBXdleeV5Ng9X34JY25bY5G4tdWfh8fVXw2aL/Oh7Ps=","dsDWeVWQuliOqtx935JqT2yLEIgVPj+w59KWYAbJ/oE=","9Gma1Z02uHNdydQduNBtrTGVRNRLdNsHNsnj0vqv0TE=","H2UvjVucoPPYSsJEav8XuaUZKrKUwdi4Q+8G1MIdRSo=","3RvIv+8Wu2Pd/7tT59GM+RWZivnB04+AnfGCvi6YBOA=","uE9xpYbzDtncFclXeCiBZZW8UDvyyFtVkMbbQtr8sL4=","znRikoLE4lWtL50wT7fbIsLKW46X+7m2NnNDCo4uM7g=","+OIvP03JuxrIrINJxymbb4Ft3EEmIRWK0HV4A4WNI+Q=","x7Eo1A/sWsNthQe5CoifpOJme0hjtZb3ASxNONCaBJ8=","3c/GrwuUz2GxTrifd7gxSbbKOWElRcrmIbACbryp6DM=","hh52Q/4A8omguuNyxlNoaEcsJ7nrM5UztszTz61/PzM=","0VE6QCvwrGYdE9nHRmhYg8SfrML2bQQtKVHgU1xTh6Q=","4w27YDiXvH7rWMLUAUDcFHgIACVBRSgBulz7QwpP8Xk=","wL8pr3TnwEvc9ASrd4tFsvk9sq/wM23Ne9HMVA8B6ek=","s+RW4PG1MjAVlj1MoHVl9P0zTx7ZKs4n+M0m5iXbsgc=","jFvIwFXCU5+OFqUdxPGpBsSMBATjaLQ75EmbhYMic5U=","hiWF2CMbusLqKDNofKu1qyxU8T9jbV0Np9ysZwkZL7o=","orZbh8h2DsDZ4iLO9GNycRoMTPuhrRuCRse57RBxGvQ=","JGxDehu3mDhj879ugbrTL8W2+3vvUL+cIt7EYEc9vQ0=","gtSLWMnyY1oti/DFn75NHIBaDhamDpQ/73kEXNH3hqU=","qnvXryUM3nNTcXkxexMJYtRnZwcqpRZT18SZsmCiq2Q=","GHp4Kmml/fvz4oj6KbESBIMxae+OK90CC5RXQDWyWxA=","I7hXsXwLM44u7P/V0FKhhr0CaKU06zoe1AiAzje8UEA=","7kca+r/vz7rKjwysHymJcCW2/c+ElHphN/JM7+45GS4=","F40m0sN0W7We4A4E7ByZdLVBVN1sKa6+mJI7ThQ3q6M=","1ndRnBfHF298h15XBoQEVb2SI14GpsiFeBEF6BjhG/Y=","IRSZ9tjNJvLGuiUqGu/fxXjD/AfetwMR6WadtiqT9PE=","XLHzs+s6ujVky4YvNhQlPrJdCEiq9CeU03H5QvpRq/c=","HxFGwvPUpuUVHGkQCK3EquCMJ8JVOZ8pI1mcPbutOHY=","S6Kd58kG5inIbrw/N6T3oGuDiTr70YMt+Oz3yF6h9Hw=","RiDTicxiXzNcZqrozvX4uL1mycC47SdYrYZnJnt8eUk=","M0v0Kiiq8sxMbPWZsCrZb+nUNwibM4DN5oJSBEL70uY=","PpEKU0KHb6AGqhYrVWUj4PzTq/rXaQR4t06F1vefcx8=","SnlIHlMVa5jOypu8yBHqe4AePPkokI3oWI6L/cwkde4=","0OTvRgfCMgDnoQ/fZzusgfp2pGwEp8XvCfKcGyMlNb8=","vOtdI3JTlFgiBKbDpNHecmXhvJ0ikxBZ4gWyin6jsKo=","nUqsTVKyv0QQjZmGcWHeQ3MPsOcjcU9ufvfM0Zx2ujg=","UzSjAvEbsb+XQylr3ivlIqzPBgnsNoPAOP+xLo82C0M=","pi3DYr1eZTsZGrvF6uGfHpdxrHGfGwDM9pPyTDwsQYA=","70rpM9d9s6ykh7Lm6eMwq05xqMceiAuVGdPQdcdy/Kc=","94FUxsvgoNrrsuna0HnQAzgUR7184cCwiWqoZlUOO5w=","roW9+hHCbN0913MrXwogaqcJ+Eg2zqBjnFnwwvQrJxM=","oyZNf6q/50k+BgNnNlmE/cNByZjC73ovmiiwAiB54f4=","ibNqdMiNH7xvoqRXNnZtP7AwliWozvfX3QFgjvpb5xw=","gmffafyirVi4BnZSQiU9T7usv/iP9orRTA2x25kd7Fc=","3mxVv6ld+cHEBNSo2TV2uA1VhZMULshziZyAMnHJc+U=","L77Fk9kl8B75Ujyx5BfO/FQuygycP4ryK7+cFQw8s34=","NJS3WYLMz3L5T3lkeki8THLu4s1MnSbMEkn6nR/Hx1U=","rB8/GBAApISUEpbeddjkCLbRJyhBrq/LK8Qge6vwnRc=","7diqmmKv62ABSZ2ham5wAXD2n6N4ePhVX74NT5UzqbY=","+itQ/wk+OpjaAgTe1Fb7VZsMKanhR9vKMFULD9OyvD8=","XhE/mVhyjOjnko1CakLgr1zl8Rv8MAUiwC1iLPeq/q4=","YjvnqEvfGMC/OqVHY9IhHMoBqh5vK6YXfu98xS42tRc=","sX2mvR3FJ5c5gvTQNUXtt+Qcan0z1H1MScwI535ipoQ=","Ato8n7O1p8Xy6L7RyNO+Uw+L1EcShb/bH7r3+U4DK9A=","zzuMeA0JQzIhIPdWoUOaISx3pjpK2R3INr73pHYWXCA=","RVFcFL2MAr4upmKB3rTKROCSvM/mGftsUPAMtZUE3mQ=","7QZMsMcFgyxH0XcGkFEgjcuE+T1RWA0CiO2qhCenmmc=","ELRk0KFffbRN7EUjaETWpq+HQDesKnQc/7D02OmAWn0=","rT3JrPwc111FJtjEJMisI8ommLm+2UjuZNccyXUw0/I=","SUE/xt5NscjvBbsd0MChknnavqcTBs7BI31t6VTwTyw=","tuM9YX/KfJestw7LTLqoQ/uDJTShCuwGSYjG418tlVU=","JK7q+1KPIXFSn2zISwtlq8sm6UVtTCE2wQM6J0ZyjXU=","sxYC68w8OH7TU31xhK29fBn+dXaShm2aymgM/iDXB3c=","S+H3X76ST4IRSihAaZ1CweSmsx+z5kW9NX27R7pIOOI=","IwQ1dQ8ip5IGln3bTfHuh7Jmb6zg6fXrDfVdMlqh6Iw=","1gUW9GFh/UcEsV7N1HMnPjTN8rzOQcQY4C2McxMZ8sQ=","ALr8cg5vJHciblzsdnDlxBE3SCp3dZP4uO5qgG1OXT4=","NwZrqe1RbrGLW44bGJkr+g20oYJbXs+0kpAEgPLHHHc=","Xw08cmvGCpcwGdQiQvEEm9PpMri1+oCkzS60oLkH71o=","SljkXrtj1ycgp0x2lRxYfY+gefzMlWdGYllAqdllcLo=","w6crXabnIxkOEJcMVAMyQPfwy4XMY5P2aWLQ/KJJbk0=","tos4QE0hb6XPu+UBehO5CXs/8fVQWNT8K2iRsVbhy2o=","vmsOmr3yxf3oO3uEJmGa+U1IuyaVbIn3DzQaA0QoIKY=","DYR2AuYcyI+Eczxo+9ZY9W4AYef7Y2LIeXrTuyTfTJM=","SFAKAhf+60TQKIuAdL7GZiAGxC4Ja/lBLbp6k3rIgJY=","xgkATg7qQz9khwDp25Km20uFXT3I58/eYnAkcnyBOnw=","C0sZ/fVXX6GHySP2PMVCg/S71wHOBI5qXzsy2d+OjP0=","9zHhoL28wHLALppXOUDN/zT3A6+9srjF8O2IuKgPkQI=","1kMGd0QQS9AjQW2gUO3Rl0+UdkZ68oA+un2LPbByxXc=","Sbn7gVSZw2uIuVIjx8tqr2ty364MXIz0iz+VSwAHRZ4=","KAQLxSPEViDhMzcS6CLGYJEsJV3l9mspGSmfiU3VBeY=","RRZdSJXZzdJmFR7lBgBjXYpx1iHhbt+2WRC2B9bXVMg=","tGZvqZGWNANVrsZl5nMlezsos+W+kwX+IqOJIctpHqY=","xQ2YmFXUHEHVgnsZbx9478MCyKcUjP/xNhqRBkVaFIw=","GwdTHqfgWAWJxnEEgLAP197K0mYlA8EzJ9Img4FAEFU=","P9AJoeQTd1xPtbImBJ2UkESyQf7Qxejh7pkgiEJxKLU=","Lgs44Yov58KmVHcs8cswcaOr+kiOFKp3932Z6KeafYU=","SWAG5gCuue5B6a8Dwh6SGb0qH9SKSzMNICv83bj6ly0=","iAJdMdvaC5e6QTFgR2VBCgMmcJZMoVdhEH3WHBwIJmM=","s27JykK9IimKvC90j4XpC8HB+x1AfbzK1NgIr+WXqa8=","dtbL0WPBUVKuU1SioJV65oGr0PpQifpqzpVkzA6nN6o=","T5a9rA6sb5zjSweTJGXHHNGRQOofhHsOM/g9ojEI98o=","fztRor19Qjo/zjoNS521rX67Zi4y4vyiwsv7C4gh/Co=","3cf85PJvQ/+RSMqCb8QQ4+7ToOoJGTIo/98j0PzqEQ8=","WM2a01wbJMOCd9qzX3FvRHKa8dHVGignguCs4WQG/XE=","mLAuLD2Oix5WhXxC2ZgZFYiJIVPmBcq5JbdtgR0EdGc=","YvuTU5VWq/G9xX1deYlkBDPo8UH4iQYBmu77kaZFQxo=","KgcQiTFEhDJXZwSMHjzR/LEBLujyknxMLG5KcQ94wko=","5tcROEBY2KUnSpeuRBCw7iOGFOJiUxEajmkJi2agjT8=","ezSeEIOCTy1li3U0GRhVdrtl2k0uo2ThXZw0hMdKNis=","48LBCqzF0XCm9FMpHrwpgXrTTAFy8WLfKibP8hQMN5k=","X+6NHGudKGfvrpufQ2BASy4NNyWOdllugNxmkQge76Q=","8mnQ4MQD5/I2OoOjbN5HWoEigXXKH6eK6KJUp2yL3cw=","1jn8KRY0FMrBJHV7z71JH0zJitjWIGNp5mVVSj35uCQ=","93pODp5fUBtzNoaRHehua6qKA+AHcljnZp/0l3I01xU=","VWSYOaBSkbqVFtA/bqw1iVIp5+yEYYJcB4KlMrzWGmQ=","65KkGxUSqBh5yaZufVLX7TI4eV/SFBceovdblYW2luM=","BfnTC+AG+V99Za2AGGZ6NQhV6m1llVm8mUvvUxWIVv0=","IevFiL4fXQ8JoKEqhWKjx5M5H34J27YEPSzQ7mfw2A4=","ZyXc3AC2hyjH0cOsFB8QWp5cobhaH4xgXSRccN8KkdI=","Ai1kZohFF57ujx87ly3ovy4JJ9+qprPT+jobo9MtQjo=","uv1KWPJusO4D90ypac/OY8jXWyf09zmAEJW/LBYV/X8=","9cAxASr8ipYqSpTwE6Xny0AslNnWV9llKmlxVWs4PRU=","djeVwsOnjY8zoNhUoAaSvjGSJZF9dHQ5LEg5uZtX+MI=","P+S2Kkg9szFNAYJJL91XAXvvo+rRT+Bh9Vie6lV2sgk=","NLWNydWADCTptGxcKqhQansXsFrroBQYvphdD9I2pG0=","uCi8AImYktf/OeGgxAKRY3ZM647FNtIiD3gA80eEY44=","OcsaAtzJ7FrO47tfS9HHvrt3JyyWv6UDhkv6W+sgxgw=","88hwG62+RYZgzFFG2KGNW+6lb5GvlRT1l3XDHBo2HbQ=","z0arHgbYhrx3O+GlrWbGPyG7AG/g2g7RNbNRPQdCeD8=","ssYhpgeuftc64kXX5Qxa1MAdRAjqQn2nZFxsdjteTeI=","xJYNfODnE+Ja3E8iYtUxV+Z0JHyFbd0li0hFAO32mU8=","4/LjGLkZKm/xfQvt3FjTn19/INjC4Vv/0xai0KNCfF8=","ShkBC0eNWp3q/EI8kOAOq/ZhfJWk4j9Jl2139fCpvmc=","rhT90DnGEC8rmgdRIrq+GWRXCXWiwyIZPqpL9MaUMEg=","rCWXq2K63fZOovQkuZRKHRub4LZqpCs7H36Pl+PjKQc=","6cek8PJ40Rpu0CCxP++1OSFU6X/BjEZVX7IJrK2tWGM=","VOEg+Cr/4e7naFA4XcBtlBTo63VlzOIOq8tN+apYayI=","PjA4ZJXyqc5rNzWXE7hiYAAtftwxS2AJg+4tTJj4A9Q=","zjh+CmkQ0GV7Z8uDjkqD7f1LT8nFAdBEPBAtKiPzg80=","Jg2E/Pmxw2NoxXh9lu0ITzWWuakKENPPQZm1F9D1fpU=","ppYm5F2s9iHaa3oDiWq0UDmAMnPQQcqmhQbyoTLv14U=","B+AZfZHOWV8hQ5YqAWZg2s1GLLufSjOTdf8KOY+RsTw=","KMLINoswWiJfzg88fAA37iV626dQ+ArAQSy140i2ny8=","dmzlefEiC4aCNjiBjx3a0j5oM3JgY+Oa6gG5fnAq2Ws=","WzyKlXFP6MBSIkCqeBuxHWt3NeZzyuV4G5E6w+xMPiQ=","Yk63Vs3HIzGDFznUlOiC0eJ1mJj2Wy6aHy5jn8kd8bI=","qCz63MXjbjvnXakEk5OpDO+catz6SWRCeWGYsjJTK/s=","YVwY7tvAxdTGnNn4m9GkH/W0ckfifWIqVEUFmgUE294=","RlNUx5g0u/jrYerU1xwbJXm0cGpMB6whF6UG2zlxYw8=","kjOm6f6Hl1S/+IUXY0NY1NAYgM++iui8OTgMuNyBWXo=","yO/ShEjwmSrzcEcd6gmNb2bQgDi195vGmU8rctu6fic=","m6INCIgMYwCoLXPHfYkkxhvNmqQZvY7eK/dXx7y9XQA=","UtUZgREuwmAyTwSnaDvPHqmXPBPpRZd+KTMkS6fuU8I=","WfoIhfrBbEv1c3IOZM2NgiE9xCnSFuDhffUW2zFehjQ=","ryTscV/fv0ExhTCjb6MUV+8I4NLWqNNTFGxjyOn1pqw=","zgYe6gWE7XqJ/358+Ei599YDikPLeBYfCfz1riJYWYg=","uu+YSu5bxFCQxLTBrq8Sq+VGNrdx7Z25Caw0LV3VH8k=","AEme5Jn2MLN4+S0w9cRcFm/UNmu9Yr/Qi2FN/s8qpG0=","Bw+9dhA5L1KffdOgjmQ6Ak79Hcqd0KVp2LBbxRaBbMU=","uck57HY4dJzftRU48VW20xZSIh+eRf7uZK2aMe80Zwg=","Oy8m0aLOMcquV/S3b3GvjiewPSfckv6HpAUo13UyMzg=","ub4qwItPJI3QbYebIpxa9VKx+FtMz0spBP2lr4MSLJU=","6PveADRZxtRuN6gBw4V2f4P/8WXQvv5mvwKHbKUQSaA=","6kqU9npnDUClIH0HifD7nVMru0i0NI+jg1l4nZ6vfmY=","WsKDIYkSb9+2O4Np3jimCBbhv8sAul9y0FsqZ9SV+So=","IaD4pQga6hozRTRbb1mD98Tu+wl6EQA1JRNUKpTTR9Y=","SPgIuiZKDg1dYvdMyXMtrv/Iurg7124VLH5lSixIfoc=","DrGc12cITZ9yKzIy0Si5d76e78GlNiVbXRPLg3qAO+c=","RdfSedwtrY06wShruhq2gJTEluzQptFGDGUUH3nE/zY=","UljuKeE4Dk3xcWxwaW3K3GLptUEKO2ofBB1ykLbMLgU=","q61ANg05Oty5N2u8oSLmeo5q+VHCMYXje7pyZ46pBi0=","7suC/stegDmxkdGLVcE0CvDraN7hc1UKxVze/tS9NiE=","d2PYgI/SQDuTR9RdNYRjDXmGKUr4Lj6evLTqh3Ds+6M=","C5Ywq0L3rd/eeKzGCLf+f9VO5tM+qm8BtjoCJY6hhS0=","jxy51k/nFfNUnTKC8hepIhskqhSCvEUyvJe5eBmjVOk=","gSUfTAJWyRtfZ7NQphxbadcxGYenCXTBf4ugbvBzMVg=","n8h/oIiMtYWni+j8f7189yY0nRkfuoDGPvlhIbY8Pdg=","I/HOghscanuaRFX9chv1TUcGgMX+45QzIRU87wvU858=","ZkyqGEMmQaNjZXm4/myMcxfhhKj2labmo2lT2I3Q6P0=","7f3T+3rkZucFCFfhQ8Fj+aniNkHRhFiJT2GQjjhQROw=","WVoPorHPz3QE3zwecjgDRPIZsejfqAxdbdQiEJimni0=","Lv/sTn6AyPV7hqsLhZ21/S5ZLCoI+QFkt6fyOybYhn8=","h02fFmXb0o4DIvdNr3+2T0gIYSvRLcfHW1r8vkKjVJA=","X3WI1fasXMO6Ekgi+Hk4SxN1E89M5wnEUdbWviKjXDs=","n2zErMiMi5WfnZwqaBmySo7gxnPlB32Pok7jXQBgnOE=","POCUrQ1c9e5HcMovANKAu7tkApX7GQQDVPzToMTFxzg=","KIGi6jfTl1q1yKOGMGxgrVPUNJn0uZg+9SuM2ncK7Rk=","bqn2XTIOsodFW9JvIPsd/sc7hgpZkZ2smS7hs6J8noE=","WXc5k1A14TrgQz9838V4PyrtziNRZLqQaffdAmYZHAw=","eykccb4krTP05rLCIsGhtzfLc0mQlwawd8ianUkiIhs=","fb9DpzzQH1UC/r+U5vwdixLcxkugFP/hwHUGIAJgzXA=","Ut9xBIQYkoS5VZE7tque1ztqaYB5RF+JuX4C6aoH6dQ=","NrhSUtrc4ozGb0ZpuXwwuvAeBkjwtmDj2KcgGjm+/nI=","iK9FnEamKmmf4hET2hAl4DhxNIU88/URoh2VvPwFDWA=","anShoEM+YTRxfayT5lweaH1GYTJGOvaGz8mPB/vffq8=","xbMpTlBmPtSrbiIIEm9mSztWYUBuMsajmp16BZiHVf0=","5IDVu77GhKIwIDXIy9TMBhW5RbXlU+zMwkBobfzNeiI=","dvYEVoZQKNrFmco8hz/OTaNpqzC8igf+TM8jinshzHM=","sMj9u2u1AJibjz0tObYrzH3dPwXEX5SH3RL9NNC4p+k=","9AG34Xnb0mLj5jEvHxBJbT/+IPQfLVvPb2A1h4KapWw=","HJ6tq7pBeARhcQTMept3Joae6sGj/4AkCUtnHwvQrUM=","7T0Po6yfjmonp7zkMHSOBPNQWsn0m1gLOzluA/ySySE=","lSELnA1Sfu6LaAnkBVPl4PKIjRnE123DGWa4wItyDQU=","dW13n8aWk61b+dKdTKmNgjWypS26jR9hrNvieWaYTwc=","9PCYQOuqKROBl03nGlvBQQGjfniVDIZoqh9nFlNitRM=","QSoAyZ1sVrqRMfPDGXtbhfWBNY6hoSwskDwd3OL1yqo=","LuDFOH/YKWcGnc0rHULP188dXk1ONqNTWSTP0Y8pfEM=","jX5EZkeO6Cnd2nrqS0vwohHbW9RCjSZ9SDL+5H83zQc=","tup3ysowKUhgU0I7G1VAkCsx/YX3GtE9Iv9Y90kg2Ec=","vZhW9nBnQI6+QXGG529x8JDrrwNjFS06z8UNNmj417s=","S4Yt1+1iUzuMbfJRp/DslEXp5GTjQ67py508K9uyBig=","ZVYEACZyU1JZJgLH+BiygFiBK6e0o+UQCH1GRPLkmzk=","QIQmYnVm0KlRvVHWrLk2mO/h+ey4IzVvIU6vbTyQ3lc=","FpyNLms8ZkIhNBa5vTbR1CiN6IYM+DJ4oE4XFyeBp9Y=","4wPgsAJ4rYaugnpItpBOWAEF0r7uiOMGsiyu0njbuyY=","MvR0hJsEgKBgqj25dizyuQdsUbNX9aQiaFlaFCLTtPI=","DhSVu3vqSqBPPfRGQbMIjyhacABGPWKPuzCgZ0Qg9qM=","UAv9mmKJPmCk3doGXbJFeamJqN8t0XhIWWfFlpjgDL0=","yrUHPcnNPPckbHTkWyGXRiD6u0Jjdkx0/av+PzrbxOo=","cw3fSyciZ8P/2sflMUZ3T0ELD68DLTbxUSyb/Vp1CBo=","2SP0Qgneza0d26t9UN768IgUpoBqniu6J92qDu9uJaM=","hbkqB+2hO7B9Pkao/TDVLCCRK9J/n4NwqCsZ2ar4W9E=","CBulDza+hshlpW4Oe8DmuHYMIUb5BEGmX37JuHaCkmg=","Q6XFo/1Krp5TCRYXnrXtloaWxyiaKKI2GiNtyCk4d7o=","yI24bqlGwRs+3PaiIbJ7acrUQN4ChFH8IM5xcaI+4TU=","qVRLAV+pO8/3NhivbxpSTeXPIdxOx6EI1yvp00z9Yb0=","NQLz+pfejTLD8yYmhIOyyjvhmkIYS/ALnYWZXucAf9w=","2wPNiNIZ58VrqF8C+Vmf1I2NRN6zXxX1V3fybj1Lx/A=","MdLK2R11ksJCcxN5aEoipsRo8bOxUp0bMCUf4E139Po=","wuKXi6J99JjKJGZ3yutKQp3ShGvACJmdpJ0a6A+Gr4Y=","uijUk/hmbAf3p9bnAaZHjRyJ1rmcfkkJUwPI1Om+DoM=","WY1vSVDyzP21mxqrYMUWsFPb/IfETkxEmOpoFpOOijE=","zzyAAPi8OhHaMr2CWA2510t+1quAqVc9se9fRGSZdeo=","3TaP03Kd+LgpuRTUnrKByIUaOTmvi2scZSHpNY47sdg=","XLGcAMVdN8x/1iFqcmvLh99CqTZQk/a3OmiluK9Dmw8=","kslugxDyIwQYN+bqBKEmzay2Xah11MyIUdIjXIMCTsk=","lCM2+IpErS1+YeLnhQ8em5ObkhxFgpcQrNTq4p7Lt/w=","9olPdg2LOXfm7NhUAejE3ajqKo/uL8RS1Wtc/vbbfVQ=","iQ0YJxQmrglYT4MfKJGMQGL33wljaK7DF+Xoz+FBAqI=","fqUiKSQ9ccVOe5ycTfP8gbWv7SCn4XloNG6wUTYEkIg=","FvaKZDMrBtr5sP3aOFQbRxtl/jGYRXjsWnmA1YS0aeI=","HU62DacVqHkTHfDcx5LEWxw30yeL3aZ/045aKloQv9w=","Z6mubO6XtEYAzqKML97sd0FETSVmibah2NHIiDM8hHk=","97WsgzZiFtwYqC00eShPDtaEuK0xTpuag1tD5YQXePA=","J9ejBoVg05bjrgd2mKFE94IVXy6GrDBPTEsfjcGjwXs=","NRsGG3q0R0ylqtXCbT470Sl3hmEbTokH1Kj12rmDaTI=","ZXvn6kt0PV3pHX9F4iFD73rHAtZnUMTq4fwjx6VP7MM=","YYttDSFfL7L1/encLSoTvkmgLPoMUJBdHheven/cq/M=","NITJcgZv3IxrBy7fRsd4fPme6WrTIWSQfFM01SDLo+g=","8/91sHH0u+KUrNXGk4u4YvxNqijBI5Sq0WFb0EZXaU8=","6oACtmR6PzIGoX10GDvdUXei+modzMS9DcQjIz6Oe7k=","CV5z8LeNjRBYAQxISyxebUEjUagS4vJbfODD4SXxOYk=","s9Y3F3kC7Ko6BNZiubCkIrzUEghjZJq7S/Fw9vugi1A=","vPuBbIVrLeIFWIZyGRQ7npeBwpOaIaOGOf5/Dwo167c=","r6IqGAD+coMauWwAuxyPlmKhNgSgqd4DRQoBqoA7tBc=","R22BGgq0XB9IehH7h0Fmh9UvIHW7R8Z22DSQsxfwR58=","MSDGEgIrHhEYGFtFE4mljT8A0GIfTHT15CPIZsxosoM=","wks/O/XIhZ2+6L7Xs8+tYZtxgzHnmdLyGhJLknFT2bs=","zl97DIj8Vs45lmOashVeUyRNSP3WV/g9t6cZdDaj76s=","Hs+WAe2czbyDbOjPBjrt3udNuMTtZBPglg/5HAo/ljY=","CghSbhGRbJ5ZL+oRDw3QKINSk+s67eCC6rvWVV3M6xc=","noj+i1yJ5HkX7PGbqAigc0gsduyCiint6c+7UiXVjfI=","kc1DGPzFveeZwrSktASFmtJFTxOt5/8vv1BuNDP3IRY=","soScGm2dFURruEVSUW8KC4nv7ayhqHta+gGaEUMGGOs=","7Ve8AlVoOkiqfWR3jjXOvDUdNNin+oM37CPR8zvztRk=","u5hqeGFGgSEzC8ePSj6seOqV7AYpzNnYrh/Xl/OK+h4=","sTBL7anxIQLmdl4EJf80eHwBpzH+Lwi1Q+KkaU6VCmA=","jDmQtZHq+mRrT2Bby5zVvReooAut4mZDE1qxWE9IbXo=","DhLMrx4r6STxjswSkqF/VDi7/0oU22uk7wO2XcCkbvo=","FZtyzxMsF1FVMGAjFhION9AU64th9hVz/0C6MziDJpw=","pDx7FoUCRzNTYRJLVUSMPY/bG3opF5Ms5FK4g0NFjmI=","uuzrKjKtWQhuF6rsWMpnHfCWZG1/9g4lnBW6XzAa+gU="],"block_size":4096,"path":"src/content-script/ozonbigsell-good/main.js"},{"block_hashes":["MoIHVFcFlVDuTsE4KO7wyPXcPKVvmKMOyHTpak7CrK8=","tKC/Jp+YLngmc1mvi80iO4UVK9jKUB/Aw0Wwl5dNwCs=","5V1GBVIy/BSlLgoBAHm0UCH2ZYWRDOLTtimHRD+Ub+Q=","m+MBU2WOWt02m7ha0LYKJuWzyJ/g2VswlaTH3OhWUzA=","a8hLw8jgIbdsOfHfOG/dsiUESxANjz2EqG4Ov0U83Uc=","Hpq6b3pYlU99VXQA3Qs22zgAKQKIlG8C0JQNMOyQR9Y=","C24xHuS2z7g1RAjk6TlhhhcKgVeQoin8rBqRsZ6gabY=","YcS4rBbGkOkTMe2JBqidt5GHeRo/E00a2JXY5AiPJY0=","lmLE4ku4OkAWsC8ErrKHNcowimDrIUeolrdbzPL6QRM=","PUBOZZjfJ9n2GeSUjZrqcBf03IKwruTSc9TwHee6zF0=","/nZ3IH/X8ybjXJc5YP5Ppyyh6qSNXO6JMN8MxLVtYMI=","cfjBJN7wYA5Wdb5majmT+is5mO3Xkxy/1wkGk6Sd25E=","pIBO13EoLbb/cCbHAS2MLwTFFWbaG4C8J0XPfSbV6t8=","Oia3/9t4qh773c+/nV5lvQACtHysBCbnfRioPhfL8ho=","tP6cifejlwX3yBZvOu53LTEh1sGMmqpnaRncZg0C8FQ=","izdfunTXzt9DGDelCRP2+yznaGlUyF8QZ8HRAcy647o=","lXlaz9HljyELfXAukonov23JNf36E31Owd9fcsgSkLw=","49WFJNquhadarXUTFs6O+FNyFvMdBO1D5ut12GRBfuw=","ZeHri3e094OapGZ2qngMYcXVNM0H/siAabmlXe19eK8=","HzMEtZD272o2MI7H18E+90SYxMbR952og/dyEA3N6pA=","IedF4n5v+cjTptrE/RYjYcRMsDMHswUszaMSwA8VJQ0=","RCyFOgimKswCjZZKxh6WkgrI7YcMsDQuVmv55c1T6x4=","ww0gaUwileDwR1tSS8nmCXgrSJC1jggd8K5qtf8wpRQ=","zoqMBli4WrY52in4Xq9ABVroDFT8OgnKWESf2ALdd+k=","Xtfaaqf3nFocj/GK6PtXzHMH0U5CrUn9lgF1KjQ0WU8=","6UU8AwH3UkhYC7MEG16H8PPiDTF/Ctku7THc2j7mVrA=","Ry5p0J/FttOhUNFszcLjTCvZG9KFOjqGk/+aPoTkzOY=","TB58pGmiOhiVXEKdcVbVN06hD7pH9n5CSHZvr9KAwR0=","0AK2aqVGuxS50wx3hhZd7gka6VFAPDQG55HATu1poeE=","wMKqgH4lIVajIhLx1sZ5pOFQbGyU3h4/Nkzon/nVKD8=","gne9kv0c0FLQvvzJQopF5wPvcqW7Eh3ZCVFFT38vnjg=","eRjPuyrMNXS28+Xgb40Sblk57eQIbelTnPq7CStKbOQ=","W3PrKm+LDrJzzN7c9g27i+NiKiwr9sUJmKgvkGwMkyw=","6fQWfBQsWsFZSqhytcl2LRV8xWdyW2B3vv49TIW8z3E=","YbvbgnZ/+m39rt6N1ouaDeHpIaLsj1oHGpRg1znnMjA=","SqXJKCJf6YKQurNA6oGXXyl7CGdI2t62c4phgbd2tik=","T4EPAj66W+4HCnVABZkjNcL7G0LbpfxO+aStIVkeBOY=","++v8iaA+3a4MZeohgtbRuzyHKswwDeeLWhIgeHbhDaY=","n5FU4TlubBcKbWB5t3l+zRfuGeEXZr3eiPHS4KbJ1bE=","LmgnkeblzqaK1FUK82QlPHJgrZ+D7yj3kdf98JuQoYQ=","rtWs9eyQ1eSfu4O0lKXNLv3E2CHaaElPjfBbkOkctFQ=","gK7gIotyBlFU74RGoqIvx+n5VrXJW4accdD2XR+Iy8k=","Wtf+ZShWE0OONY4RFss+gKV29d24kGBmtY2klRViuE4=","gVOdZQ/SF9mhnsHJYJ8P1LOKrG4bivWtNW3TP5EIS6k=","FtzAAV/QMu7QpeWzDn6TtCLDPA09Zdsgwa+zim0AFcY=","pN+mXpX5qZcDApil8a8SjfNrA3whif9B9DXMrn30CzA=","goHqFx1w8BH+ri/aXsdhJj+rxKHbId4Kq3vPX4nbBRQ=","MQIYpk9FRgMFPFtkJo+bFvjeRjRX9ozOv/A1j2D6XrI=","3xVxv7Akn6szF9TjtlDVXzcxnsXVOdn4r15htZpue6s=","iPQfyB/xh4C+WXwnDP+zXlomYfpZe+UnhFF0Ssz3eb8=","MSdpaMVWtSc8dP1jhTUBbDMfsPz3b1AGY5HGCkUsDUw=","pCEI1p/F3xKmFJGWnh0ILs68DjWBZ3ZKwjfe4GS6tSA=","Gl77zkIMJJAJgbCpygVccq7RXCumrUqHsSYHBE1VpM4=","ReGFLq5FDfILI5aejwDXf2pGe7UCxMhW9L41ECR+7+Q=","d/eRteuiiEyQE3gtgtCm6PB9qJ5PdYlZfbLcce5Kahs=","cmGR+pW/Kr3dOhYTnrjVSl1R8Srz6h7uYaMmd8mLs7U=","Fur2owOAcHVCHCMha3dbfDlHlboTJzVzWcFXG/Vb4vQ=","h3jI4MrjhOaF8TzbDuuSx/bkREFAzuSrrTOedFoHQLY=","8Ecd5ps4Z8lgWwejpHEOgCxDtCGuDhUbo/TZYoPOxXA=","RIYeugnngDUJKHdpZRF1OejHZMxbIjUXVRyf6xPaccA=","AXX1k9pEi89ItoLcB1Z/3emIvKyX7I0lZJBP7uMGwLs=","xCnGLMd1jOgGCRJWT2LwOLMi+elHc9kLlkbS5EiYQz8=","PfvEUeOyPzj6IWRUwU0qnR2HtakLS/PSUBgeQYyQCIE=","raES24fh4cMOq/U3JqrUWtDBtYqIC7wRhglsOqO9G38=","MmIUDmp0E+5x6xPEk557USsATdkQwI+X7tlHe9cpxG8=","BbhlXa1vp4OHXx70pI+C3JhF6t84uWpQSD7oMfHzfRo=","WKyMxB/s3NDJMu6ZFIdr2WNp2tc7vO/WLisuo8r4zos=","0Lv038puRJ68ao+lT+3irhFGe0WfeSHRiNbK/EwIsvA=","RAO/SjVFbnUHFx6HPaC0xnpOChJkp6Of6kKo/9khcfs=","XXt3aG26bHGZjDI5V9yMbjYeYj+/W/6kpgsg5olaBBw=","lHy6f2EZk8W261iBbx8Iy8Vg6K+gaLAJ9rJIAipY8CA=","v3DoboYdltCLujrlfrBUzqSf9Ez0KbkrwHO+Qa6UHHA=","cHTYLGdzPsBYYPAUmUhfyesRIZJIprw5KSXKbBlyJ58=","TIMmMtX2frdMPCL15ta4gL8nKx46tk7XP4AdNmPHPfE=","KaYh3N6Wsf6v9EhV3tntuNd5PkEOhWT9JZz/vLyQh6M=","hpzqGEyi82NOByNhCL4fQkaeTF2P+H6at1avEGWTeW8=","jnSDSZk0vkwalYTQJKl/xGW2gvI9nSBssK5YdSiB2DQ=","FjHTWfJf3JgNJRmF5K1XPH8nNu35VJFox1C/b400Q58=","sxcB7PPs8uWIE5aBDNC9XvWZMXrER3Ssm3sK9CkqdZA=","adDAjv36S4TZ3OLrXq1nIsCCE34B/6B9kjawDtSbaqQ=","V5stx6kKG45/1vP/biJF0+qScT/ISBR1GvuT2jecBDY=","x4DcGWf46QfslryQFY7ACmMWUhdPDFu+NGhWCIlaDcU=","mX44kuVz5QBhg1J/xZtTNODqUoYARbIeDnUUBEEyRvU=","2IimqfHtpF3NXF1hSAPnk5Be1V1IS40dTHd3806Kh+g=","3sn70ijMjyMwL2UuM1DjcYu9vug7Kw8wbE9M41VJME4=","OePnR46ma5NuTuMJblil8l1/l1EpCq2iqzE4Px+9iRc=","tfdzAzVz62uL6+8kQio7eQbXxB7ApLWyv4yaIHFJ0sU=","J7jW+GLpOdQR42MSabhEeK8aIqZ4lPo1cbdEpN85i/o=","KMp7MANw9PzSKwGUoD1uZGBvaKNeDi3I52VKFR0RIpg=","BzshxWV3W3U0pTBiATbgjwoPntx8korxUIXCxXR9/Tk=","v9JwJfwHv6rWy1Ny/zOYBWzw7iU1eoXqX+l7xQpWhPA=","7EYtcIJ0wUwXAdOsOsRK7txUrZ7Mcl9ZRwmQ11ldkCA=","fNfMq6PCEMoahkvb+x27hyajK4g5+e/FuU6Sqn+AFlo=","xw9KIIqBLrbja5BkwVQwEAPnmxNwto7/nYTzA+PxHks=","ME1WBsKP+VDODjX8L9OtSObWCYMurAsNVM3VJdk7WmA=","IOthWcJ/945BnHu2EBed9cxCLX2Et+/ZNM0IoaCr7SU=","QYf0KDzDAfU2xfXz1FnYkSohWl04AW3bE/VOJqXYwpI=","e6g8O42mUEMhHifLwQ4u7WM+T2N67jap2c13FcT1Vmo=","B2IkqpMKLG61359B/+823epA2Pe1Z23gojq99p8DDlI=","eIg9yRteaMwIMLznrUZ0sRayG4fQOqIH9i243mvsTAs=","YYtq/l/eYH5cmroZplxVcj1GSuyFMH3WowPBU0V6r9E=","mEDp5Bvciod78EZmNeuszxgKhrcxH9cQdEpQNKDtM1U=","X9pcHy4dJS82apkIlt6eoTwuaRWeMCD53BMA2U+614w=","HtGToIOj2oQAT5SIA5Jrn5jUB1e785QDb4Xf7952Syo=","FpRDkHDLLQIIt7bzARTD0ETZhs36aPwiD1is56p5uno=","l/nZciTKSN/Q+PpCzkkM3Xn7R0tdTBckhFIN6W+cnZU=","JnLld1DPLrUKzqMuae0oNLQ6SpTVuOKMTGPa8XG0R2Y=","5OXe0il5F+65dGs2jpOSH+g2ic+/GCuUnyNBmHl5rmY=","wuwXuqcdSy2pL1JMwXbaDEFRGMn5TrYX9GVzGd73BWM=","JQlDKceXd1sQQ0+UrCXRHb/Wc57iA6wemG/M2rZicG0=","4e7lw3eRhUzBB1B47AwC+mbyu4BKu8bdrdsuMiU3K4Q=","zBeuq+yFOt2rxE6TvDlwuwYZr8ibL1hLx2+3xRS8swI=","gPQ49UwULFEWYiKoml1x8y1ZtFPqd02vmduM1A4nkcY=","ArVwOakp8saRanSb/8ngXISy6swDaIOcIbAJDjjrjQk=","1UDbZdq/nsjA3M7V6xYjQj35P51vLZqwY7juMYxG+ew=","rxZQgioOe/xfrCXTV1sYiR/1+pp7pUH/0TbSXUSI/CA=","zyImK6Ja9k1WQjHjBsxeY0GkPCZNiVC0m8SjiKevCmg=","gOWh4ftS3i2jWBVrf0VOwejBoyMRa8LJpFkStA3bVPY=","cBTh8mZ8fEE5kd4hK8g3kk+Gm1z3uKGFIfunQqv3k+k=","frHbYZrHZ61crxL6PGWWH6xXuOVUcKHXAhkTBss5h54=","XzkrmPU4N/A1eQ/m6Yar7UAQ+Q0sfbUaJkKCD2z3I+k=","SaCz47eChd2ex6qTq5CQoqztA7FIexORcVQJpg0fYl8=","a/Pq8+9qdSw7G6Ay+uCmaU5u2l4BrAcWUEhMyBhNgDQ=","F7/doxt5JWLIq5QtO7UnXgt2tICGFCNkaQ74ujbjlMk=","VxsQlvVIS5FCMOyn52Ff5YX6+OOtV1tdK8eyamGBo+4=","MoPKE/TxBQfg+GX3d7CwBrHfUb+/uPm1kMrCmZ1MkJs=","FivoGa0ktBhRc975efWlYCNhbH27KbxzL9wAFtvokSU=","XpFRNmka9lr+7uGnzIdRqO9OR/7uAVmXCjxUzUdUFWY=","fTR0eAgG+ZdEQHUaff8UeNlh2qjUAp4udifvLV3AfTg=","yH2wiWZCSoiMtwPPb+yDA1hazG1B4mYRo9fLOZyj9PM=","ncR6SYH4dfO1bwOHPvmVmQzslAQGz98lx59QeB8G4Z8=","0dvUHbZC+QPvDyZhap2enaFp7Kkl6F4ncePuD06/aYE=","er44hDZcG8VJu7NXsvczoOBddlq+vL9znd2ZDI2CW4E=","LcPKuE1qpjARbxjfNgbIa1DnFFvj+Og7r4O1mgqom6A=","BAJ6v8mvyV/J01cjcD9ehbl9mcbQcja4qaCr0f05tfA=","tBDnVgGsCpo9LSB9BftYZG+DlGXyqIp35DAnewYa5XM=","qwMervoz13beZbBP5F5hZa2AIC1dS0uxj7fwLijs0fs=","e95jNJz7AFw/gVHUyAElGSF+0nE49v3XkBVTHiTB8Xc=","q6drElY4aKPwfS1Mg2K7TOzIPIxOEwcL8WEheHT46pw=","KPFyETbkD1hJQs4n2VAEBLnFyCX7A58vD64dCoJKV3M=","lsIgYdABgrxKwSekGIMQz6JXZ+T8RG9u4teCqThKftg=","znSr+MHt1Ox5wv1mDlFlRl7SwjYEchqsST6j/uF+u3k=","qEdC+6IR4Y7xTYbFlsnTaPgygoQ1rOIqVNnQVnpiluQ=","Xql1lfFBH/MnbFylrimBjfIVQYKfLWKMkq9Z13Vri+I=","rIaG5I+KbHzgl3f3ncw3mLmv93QPOlGCmFLxIRu+ago=","fAQJceARhZZiaAak+672TYpmN7mK/V9qdf3qKjZ6Rtc=","21YEse8DS9cclMhc2yyq7pZdua0yWYEhwtzghzTpjYw=","78lfLR1nXhxskF9N1s6OTCnN0VJcGVxiTSlErwS5Bfg=","Z3oQlpXm3PyOZwmrVamIOxjobo6NHUjqD+nx/dsyU+s=","Y6yQNAIXJC2b9bz6blCXeZBU1PjU3j1r0mpW3aZuJvo=","X/pzlN0r8PK5LQ70CcxesYwmFiFy8xuN6XGhf/e1Qcw=","KVSEmP5xD+6HvuISQEudWaOGFB1J01GG0v3isotNH4c=","zmyVpAwehL1saSOHixYvCFKevyntYbxcdggEUVJhgNk=","UN0n2m9GoZxlE2ypXQ67aWg3GQTjGpT1ogUF7qBQ+N4=","uhapjAEpfcvCPrEiFCZUiRXxd0nFlCw9QxV3LGYvnFc=","dVDckuCNyyvQ4SXkCSTHF5vf8wozkEy4bl8wbB/hycY=","vUZ0wsrGH/GyZJUDN6A2BN3FdnwaQqSGjetUuoMwxew=","JgbiI8WhX6RP0my+i0wTOnP1nOXWD/ZUfoaizqZb4H0=","gEht21ECjmxKdQWlpKdWwVVPXu+T2MWQmtbdOXjM9TY=","7Bw4AVw9T7sKXhWXwlKiaR6q4slY/hwVQpGkckmRStE=","6P4xz1QC+/0YJSS9PPFYvPL5CDugZUDzLzgH17SS0pE=","B9m8DufRwqxEj8/38mcE6jDY7DkTOgOCSuamxFVLKCo=","pFxcT/lIN1qsiam9v2WeJ0go6r7phG2CsfqKx5Lh96Y=","fp3c8QOcLV/oJ2gx+6cBEdG3sy4f5kHs1qPHZsokz8Y=","Km4Vw369PNJpcpAvrg58bjIaT0ZcmhB3mSk8CSy+49U=","m3k9yqu4IUX66fRlav+gQps5xzdAolMSgXVC1gogFeg=","53WuRr5syTPphpZ237AL21Eb0UfYyv6vOwD0Atk5OvU=","d0QvwaBhSMc6S6EVCZtBIyTDpGTWG7G5zUOge0xsPus=","YoRTufJ6rsAiHt+1Fqr3Rl2Wg4vfnkmtFTmsqN+jbtQ=","/RhKN79is8eCLXx6sBUeOM4+u3CK5JPlNvW0+D1uvis=","EeGAovgCDWp/L05ExRjmRz0SH750QJiAjeTNpkt/Mzk=","ES+tdojtfo9fAcCVZLHWI6gNyb4xPMQCe++pUnyt148=","KVT7/t6/fcZDqMb8GILpkU9Yey6UYRztGshBPKFthvI=","q6Z8mifoyGGuPDaGoSH7dy/L5eE1KV5z8Pu7He5omek=","k7ZTLvDYOxc9jibeVekw2F03dTtVAnyQ6vJGySPwNO0=","BmjcWFkNRZ6kTtIH22bpfEUVpzMPz9f1znZaftFvUhI=","rbUhxGW7B3OGtl9mGOgNupDPx9p5TK7stZxIlrme0DY=","QjgEnSjbYjabBGCZjcoDfZUOKDWVhmjXkOKl5FiIFc8=","fIIbMXd70cdFMaC00GMyVUK7ozlRO4Zy/qN1A+6clOo=","pIrAFfHIqS9Qpm3zP91k7S9vtyM5xTitNoM2tIRMSIE=","n2+aaV0ZNQa1n1PvKIUfuCqS0h9xAJHoOCh8Oh9L0Nw=","nA3EhMVFKOMQdNANlnQVmHFrKUKGjuyRKl3AmuMOR2c=","0qjoqy7OhYoSOJyxcwzqvhhf4LGc/USNzP3/etpTdls=","9pL1y7On45nwof9AfMQCOPL91IR372kJmoNvj3fjrH8=","6hGMr0O31vzZsgF1VqRib9IMmxeeyax7k6FyzcvWVOc=","MiK/tnRnobfAVoaLyzlNzJzTFDcoE1YM3hz5mmjtPbI=","Nm92QBk0qLMAJKWFz2+qudFkqv/82S1dqhM2aOD8vEU=","3gXhSF/FpeN7VhHkPfWvb8aK8Yn5PAWgD3lDbHyjjPg=","phgVI+ssFJNzK57RNec1KvRwTkcxx8QwggoS1S7V3CI=","lToE6B/3mjdpBjnPi/h/WLM7ESH/IAwWvPmo7Q2qNeY=","2KvkXdJWcZkUI7O8vMIe2PdZ97BerhoyJkjq79hRQgU=","T1vpqW/t+d6Rj0u8vxFxwi90TbDbxnzXkUtuyJ3N3cU=","EYY8c7z0ESSrGyyYiRXDisRHh1A/QXhnBKcg2jsM0hs=","Rfjfo78nA3hwtr+F8BYLP5nzSxdA2474XR3d7LB+bTM=","3X/315dkiR+EHtHPGi4tWDZ4doRdRuj3zlevZwgF1Og=","+h5vfUA1BuBHkHf+H8lWr/IZ25kxidrSAGzbYP1HKqE=","cwIIAc7CWWLuUDiDcCVgmT6no3Qt4IDNnzytWvvuymA=","t60RqOa1ieM8ssdFXi0ITXm/9dM0ZQg+Lku8y3+1s9k=","cE/SoTJ59Dn3l/R55T13KUljaYYD1bU6QgScXwTYFQA=","V6qQgH5OQZ70s+XPnshUoMyAdys0Gli5/aDmKjDw0jA=","q2SZb5nlE/JVIQKMfPaaVjbrxE6Jpvq/d9UC6b5c3wo=","p5opZwyBp22lTmOntA39KlCqjvUb1doFWoVkIRBZiFw=","pG4XhyqgZgbj6hTalkiyHhRhGD7LE51kHRtuTsEIn+Q=","8s/+QaqjA/yKpC0qAReJDfR7ZA+STbNuPEcaEiiufbA=","C7bKg/6WRfu9ilFsuHmcr1FA88FsD9aAsqk8c2pukRY=","K9j4Qg69hcEVDiWzFflOd5wH49+l8cSeC1TcJ0t/xSk=","YjJpOT5v4hX8hReaRGbBHREnTofS14yjNum3i6q0ku0=","z+QF3xJSFvWAvgG3mbLHu1zWT4bzd8Jh50wztK8ovlQ=","FqHmPVh/3sRaeEGoXUjnIrS8vdO0HEehhOMY9bz2NTU=","PjfbsvkWL5tU4RBiPTlFpy3EzsyhuY12D8P6RlvmV0Q=","tg/JgCsgi2t+Db3BbDb6wswq847fT90U37wO/oUzKwI=","RHMOk1qQWnfVX9umwE8WosPyAAIozK1NqMhXxFU8q5M=","b01zWWPyTEWqvEoivI18adlLbZnv5lK1rgK60TTZVLw=","hs+orv8r9aU1R3QqzWYJ+mPeIRZmiHkmlK35GeZ4pwo=","PkWYqL4dxURcPoZwqphACZZ+kSJb0EnMDHmVjyp4wls=","mWj6ByWjV1OEvrA+bcgO6TWYo38KE+qQYbA0yu5QEmg=","Z9zxcCKhrgLdys/zDCoKgr4uroXGpVX9/SHLyZu1EvE=","8j92cINuRgHbo74sJ0ujhYNGP+cQx0GN1HxAlXvYjV0=","pivf3ew0ax75eJJcWCrsGYM9S1ySb/xyi4jYOSA8qzU=","7iIR+w99zpqjdKy+Wek72s5dswLLke1kJEyE5W2oS0I=","EwraY60pnUc5I6zVcOFpG6ckk5Uo8BTVajvvxG9/yDA=","htmKfXF0XYYDSLX79xSBmYyzRzB/4jE7gWPMKLARiVQ=","uoePPVJZpvExeaxuzdFursEAbc6AdTnRqwvym4SqgU8=","8STSwCAndPj1S0e4YY62sBf9Fb24JV+GmK7ahWU5FlQ=","RyyxxNVz2MDdmaVUfX7LJhzlkqLv7P/SpLRyugrukW4=","UxeIEndDBPPNc9+xaPbwqhEZ3AVDM8bIeGhS+sZJK7w=","AjbcOCrgbnbV7h2xlvRaoxq6EmN6UIJwx3CrJgiA8FI=","5Wt7VLrZl1Lgw/FnSIO/xOPJ10jW8dOdKo9uHoWooTc=","/tcwQ58yi4+bIAeITwHlbLdcH+JqzmWYYPzcArMhpu8=","aZx56Ic6Bp4eYBVF+Rn61OJy1pBp+b8xHjq4d68p3oY=","x+7l3Lwsa78WAbU4JIZ7/l7XtZJrjDKVxih1G+UMAQw=","NZyJCt5dTcraoZ5P6YV36W2Z9cbiwF6/mIvXGpHyeGs=","OaalwOTRK0r/LKwS46TfK9v8oXfBCr72OoJLawma1/c=","HA3AkqNohweWgYACz6sWa+Z4Aam2Hwo1MMM04rE5Zec=","trPQp3MniXXfgxbvuawIm5BD+wvZgiwue+5oN5TgPY0=","7ajF/2NuTiNfDhLQhpGdfNWnH4pP5Mj0rjDQ/OcFIU4=","FVHXiUs9JusvVzloSh2HeRJfizuYnaPyHTeG3oCDIuw=","D+Nw2bZ8rkoo1LywaaFBjb/6KBHnYxVF2/gLvPo6qaY=","ge91Rnc9qcGNQnFGng+YOEbH0SRj/e5fYCO0FVQDVy4=","TfBA6octKkiYXVOYiRrgM6TdaZSayONMaH8Hx9XzhEc=","sDfEpaSWF9zMP0u9Ura3H+tNGt4i5/75Y3tWpz/po6A=","U/MNnJCRT5DVISFUZZYGuZ53jtP/+sdGULcWLhiKMkU=","jmvUipydVKIU5C5EKEsa5GL74ojQrwA/JPy9o7B6nVo=","RzVbJUN1TCw7vLPFC57N+8NKnNtG62+2DvDfgN08bcU=","V1+MewHh1G6U0xsj50vIsWkE0v1uN7Dyqgm5oWx+ve0=","NHWFqVA+RWM57u+cv/cTa867wbZuHdq1Af0cn5xqOWc=","IQGF3Pdh9doz3XLtIeO+hdT2HaqJerh/hz0NMtDl/iA=","wDgrRVh5ACec9SJ7Dw3XhG1ySYx4NeWGrdec0onCwCw=","lQ6RhJjr1SAcdchhKUKCgTL29ALk5EAmrWYCD4y0mG4=","EwdaVXm8d2b+uBATWD9az8r22Kb4EqoMDs5nywdeT3s=","+YICQYe54tYl+1/Nf09/9A2om6Z+XB/lrzE2Qq8SJtQ=","PUOxZrwTaxXDL+PUxzhfM+i90GcJn9/wxbANRfd7v+I=","AniqCTzFOvXl2Kry5oa0K5rSYmozP+o6XPuqtZskHFM=","y7UTCiDzRcFOAJfB29Ji59VFYRFVvzZ5m+hIZzJj9UY=","PXRhQef6ZyoDXBz6i5TgbdxJEihah84aFeHGzHmZn3w=","PfvTCdaCwXHGgCdJand36JMKFgOYYB3XP2/y9uUhSMk=","JKopG2eBIRESUwvxGbZ24uyjXIZakwV3rRNCPUSwo7M=","p0MMESmUpywAAF7poGWxKRKvkIxFA+27GeiPCb+wUko=","4IP1wY7wT0MZyrPL46zW2SACC1Kk6Abewdojn6wdSKY=","xRL653VMxAp2XeDgU4SmedDddfVGKDDzXyrtU55th9Y=","cWJQy19WnHG50L7xmKvQxDAYXmF8oxRn1z6KnY8cfmQ=","ftXuEDb9VNNTcgPO/gGCWAKIFH5ZCAqrscuX1FF1Kyg=","eM4GiCEZuW6Kn6N72kmfeuXiUKciC+wVZnC/ioWr118=","NPMwSBcLBsHZaL1522BgLLemndvmXbk+H/iTJ65v89Q=","7j6i9qKYS2IgkG7XgvFMizluJrBM5U5Xq4zf9BRB9GE=","SPXA7UaftbWmERH218jWS8y0xWPYcL1BEunAaBF6btc=","CFV2Aj/Ka/ZdUvG5jceIbVayR8aFyytIU5U8zXH/Mzg=","V4h2rAYtX62knFmRoeNqZJhuRRapMlFMl0cPOV37HvE=","sthXe6giz0u/zOjKDPRv/i3csPut/GFCmISdM6++sQQ=","j5/kFigtZnUvaXu39eyIqLRBd1MviYp8drT8AY7iOUI=","mIlOSyM5iT4OfzTF2oPeS6dm7fe8kVkysADgZ+aZQ+s=","JJ0G4UkUDrcs+3C7dmN5Nko1Xz+Rbw7dD04j2U+CDpE=","TJBzo7mpDomYkJ2V1P3ZQuUFO59uKHhvA46Dqg/gaS0=","YS0Hd6VDXFmc/98oL9+lboObFcbB1O10H3RrXcgjQxg=","GT2axd0a2YsmcztItW9nSyR+xlGJsUaTr6yJTwdgjcY=","WqCjyHxVvmNL2x5vL6WTjKfOwI5LA/LqlO1jFWJ28xc=","DohDfl3bzZGaTX0d+kkTenSY9EjTOZzx98Ke00N+2hg=","hVcw350XeU7sEp0VGoCYUMXYQs6Jlv8HfC6dRww0VY0=","tAhWLzUg20X1Lblyg2sN5RepFXOLFaUoGu6TIZhhG8M=","JX5eMyLbwA2O1VeJ2zD/pvEWbwBve5tqDEx4t7v2nKY=","wJc/jkY3Kqmy1jsaUQcxdYY4OxFLAfLaAXisW4r4UrU=","jnFgFNyZ8m5Ix858TXXjmyUo3KHQ3JSGZqJw5/AwclA=","lA31J7FWAF4pXIrTIa4IoIiK9UENUks8/ma1NQG/BDk=","Nb2hl9xP+70EGU55VTluXlQICtnOSInCn8zk3gQBVE8=","K/TFbxk9MiKNyZWMVp7DpZaQoflAYstHJJDMGHPJDbk=","52L2wgy0r9+ozXbZTFc7jcd7GzYwj0hGM2+4GKRs3MQ=","C0DHge7GXw/baHiTTPwdjuY4oUzEXM77V3RFRF1Ny44=","hjR+R3agFf2jXI1BekIp348U1XLzMsyVIdByH2IERPk=","JYXpZlJeZ/cCALPhEEf1yhm+ypEGEjoY9UZLURpeabs=","OypFFHiY1x6uWh8lhP+GqAjwd756XjQqEiL9Xzmdxgo=","DOI3ppvGvAkycc90jZuWwP4bdXl1GtGhDg8t/P34WSk=","bmCqjn1PPmGb9kc+2ZA7WJ1HXbyCmLpFqbHUpkDTSLc=","uHh4lOZ0PFrw6VDu7YohfdaBWi1d/QIUfrQdWK3EIf0=","gWkna5J2XIjlZHNlI76tbB3XlJkFX+JC/25uhi2ggvI=","bAKD0evTb5cazvSr9qNSvxanDOg3xVmuwZgIMQMVkxA=","v5vg/tL3ER9Rm2DK2MYjqdx9znJdGmK/nSpfaxy1Swo=","RfLRALvDbGoN4aWh2lDTuHxyabikc3c7T0qcieQIdxY=","29pu+7kZ1QHBfXKZw1aPWSuUsXWlcwpuarCY/E9JAnk=","Rgm/Kzg9LcEpzWFOen0uXxeA4510Pgd7b9ZkCQoXlYA=","5X41qHPfVHNL8QL1ZUqx9YHLXCNOKIc9tlg73UcGQQg=","Ulf9SF1F3112xCzQyPHR6akPDgYmYC8IqhNrQwezGBw=","BvsSkMMYrL4OPJc6ovJRYf3nG+QIX6QF3sCw5Ophkhk=","tg7LVap3zA71W6l414ZZDIrWSzwWHwyQIhjdyTqnrkQ=","1gGy6ily6sJrtcyfx+HhPDSqRGB5meMd1A0u5/RdRY4=","iJ0yoZHTn/TJRck3tQibwgEOV4hlgZsa0eOoIi+jdV4=","9FjpYQZF2v/zBkgEeUgUO4AYYRJgM9pvwbKUXbQRF3I=","oZr5BFImTkKdjw5RzM8teTErNc1K7iDp0z1DU1ogoJg=","59XGDm4jFihOzz/WZA6151YqrXJD+46KpRC99ORA+g8=","+IJoILJj0oRxUOkdeHe72pK6n33JaXrcOOCbOOT/50w=","qMN0ZHEhVuwL7IxoiuWnWg6a3kwU84iAWURBK4S5adM=","hNLL+bduwqtRZVh2U9iGZ650nR/RUho/xqTYVEeHo7g=","Eet9Nw6lDfp+2YACFGCSCTWYzPvLYcTE45whW2tOdAM=","DgujA0U4V681zwhUSVojtae91zh3xbH3L6v3P0H2w4Y=","8h/KCyLLdO65p2fmem3isXkO0i4UUP4o7cTcibbYpII=","UYFvSEzp4qo1b2+RNmAvqCTkGcb/1l7af64uIlhDtw0=","eUswWdFmgHHhhh7O5R1o07fciLsfrS9eLYQMh3SdFyU=","+9VKTv+P/VPaUKiM34gHEUUwSqdZgJZX0NjKZB/XwsM=","kp4vyWKKl37Ls967kV7gMJ19Gxxq9RG0MhvS0IBqcMM=","qmSWK/HNp8cbacpbvXUfuj95hd0LtsvUBN+09/YiJjM=","RNwo5FHxQVaw2CSuw+kMc64OIIK0u+GzG+ne+csXLmo=","dfBS8/ZuPCevQ94bAiFZ28QBUzG/Vg/7oY2Vjc9/gFo=","jUhMN3kMVjLeWRKZWhyGvZY1udGeYdTco9K+QfLIfSk=","A1igv6GVRriv/UwP2KPKts/5vel+zNXzawK6WxrDSG8=","wR2kmQasU9ydPUWVro2jVSzOwmy1r19CtZz5szJhXJ4=","Tfe2y9DNWxQAOAIM4aMBUzlMsDc/5B/qUFtY++MRFsc=","nBCZKd6BrpgXrLv8fVe4zUM36WhY8i59s39TQu6kVvY=","CHzT6mwxIzlH/+g/v/Da3BiWF/uO4dQ08VOpB9koh2E=","QfI5N3AyKiWF7DGbv6cWqSVMeDLr7YnLXE0g5Fh4twA=","4q8q3XYCM2zPHFn22WqZ3UEAY7HxKNqemowbKwW5NZQ=","PTs0xV+JQhB3KlRum7IJIukAUSgCNzQifn5R5wl9uTU=","JGtfX3ujmAVcMmB/vAv1G1Ejdisvl/ax5tNkIKw7C/E=","d6uLkhcYjrmjZb8nV75e3TrLUMwz/ANZaPScJmfAg8o=","etpEjoYeZTDGnOKwvVivMct38mmn+CdRUj11K/6ta+4=","xVSRlqejgtkalUF12MmclIiQaoh/ThkdN53Fq5egZnQ=","Hj3D5BLh9W7cSQZdTO+xown5lMJavhAy4pc9G/hXmsA=","RBHkN/bGFZ56JCB22U8tefn/PEe8uGwb13do4ubXEjk=","CiKhpmlA0McV4fCg01NAmKDxZbPqCbWbxZ2ZqqMh1Tw=","3a/NolnJYfyOfc/70ZV+lzNcfvZW1Jvlgl2T93prfiE=","OWT+dYkhDam6GajUzAyY0pOHTAmcgu6ep0HrI6anLRI=","GfHUpdfACRSl5jztibYtfDm75I1GbMLTx+gswDYY4UU=","L0fq4jeYHvXm56AlCEu7SDLvAGlgtsWx+2hstO9ovbU=","aXv5cPmpG/MAkYTFADh5W31ksap8c9mYftJttslTsHk=","lI+h7agidI8481awWu3yGd7q5jtPav8JCzdGcYxvvbk=","g0wVkwupAbLTueAW4bTpOIvud+z4UiWLg7Lvu8pN39M=","OiTvs+eWDuREQrp+m2YogvbeMwDFxDAUa3jI0b8kgiw=","5buod5huN09YCXF/naC1CbBnBguQJkBzp0ZIzW+pF3I=","iz46Ma0eUGbClUmvoo+HhF2CklfcLc313p3HCX1Hgq8=","5jKOw9OMQM+O7M2bN/uWALCzVaMUKhVWu5qFSlyH34g=","JX4NNJCQj+iQfd5qnDgLeLIBwh3hW0hGJ1MsbJVd/AY=","Bf35soCtEo7yDg/ANy6Ub8d77GZlvigaIqh2A9zvhrM=","plbaIrSaeHogkBrA3BJD2pcin6tsDwBym6wmtCtC2/Q=","aOYcxzoUsFcVIjt+M/KGqwYrgwYbEEIYaIUeYvTiRHw=","lhpsONQHUAw6INvDKQ+H23V36q5UdFJd5rSp/0rYzCs=","gzjuPeW/hIjNh/Hyfgw/NPe049TloJO7FQdQqyPaKME=","HZ9VIC7Lq54+xqAFD0aeZ5Aafl95tdM8NuWhIMDpnKo=","M+uvRtcNG0Z2dRu6RZveRD68QhUjxkrnUC+SG4ukIjI=","xwkKssdBWn6t6eRel7vSgLY7asmmWCtU35tZv7ql2/g=","Om8gw0Pe+ucDLO3uZqf1Xsb4kdl2zBU+iPT6VYB9ea8=","CEO6Q/kbV9doo11d5aa9ghIFUf1vpT+eg9HZLfC7YHA=","xJhDn45h2Qf1olfFjw6ljDnfYGBbWFNq0DWWRF7Y6cU=","HIsBhjXR6cxqVkhVZP0baxTBrb/9EqQo2chNaSUHM70=","aQrqfODIzYcT+mgFQmug5sVBtAlzjR/FMPNTdp5KwrI=","VQKgmvK+ZPgPAhBGxfCXsHRvEiXv75o/Skyl/Cph+ws=","4fz66KcaWdz0lYFVDvMv8PyRjAWx1JIjjiuu/eT4f0o=","GOKou5HSROuK/mamnO36ZMxQBQQ/SlxK0pmWwbgaN7U=","wU6fOI/E6VwD9wbZcnpvJtATbIuzQt2qJsPpunrY2N0=","3IVezyD5JqpW1bBoLdN9N4jWffyvHnVFYFiDr0xljG4=","pgB+SwCkoz29wnKhHGnOm7MJcr9mSG71Ob7ZZNAQhIs=","9gUmMu1NJhpJMdIVU3Ynec1kfvbxWViG2/vnZf8aDoc=","o62fe/Rndy3s6YliQ+6B3P3OeopX7mQ6XgQVkISGPKs=","FgNIPqKyNwGEzMAZR9HPJXFaZyi3Sp4mBsUd/GazAqg=","9P7N1xrvqj6YF48FCgDAa0vR0LGn3K8NrRsLrPfO32k=","N510GBmylryg969O6d9FwXrUEag9cxzHTICH0UEfnWM=","CMDAHIb4glorhu3dm0jXQIRI5wD6vZIbEmkLFO+1cIA=","biz0ghCCOKugmJFm57ewz3GJYT/im4hGVOdcB37VHrE=","AP/sNgxJW5VKvfnMlhuMR3pRJoHOqeGNJSj16IMxZpY=","x7pOFEtcEkDy1IVbFaEbpRIeKOumrRFRAc6T5H5n56M=","S+6HHWVt08H5tA/LVYNe4d8WNfke3nDGJdYdNi5yHCI=","K34pnh0KW70dvq6h7W2U+LZFYt7NkrUIXxm9XZR0/Ig=","8V9Mp71lotQadpwkfvMUYGHhMT0vh26IaBtArjz2Ii4=","pO//rHTkkzDonX7H2LWb2xFokCcOnZfhLLeeqSXGPKs=","/SPuiguUBscnvD4gdKkI6NYiuBDPavtK0yYG1MU54Sc=","d2I2+EKouFkGIKk8GlWqEpH2yS0c4j7FP/dvTqL5emI=","URJVJijpVX3iwCMABwM4potOJBeKm5yDW1lZ2yO+JPQ=","yz2sW+j3iwhRZEoLLWMMka1KcXPM0g7WCFXGEXcomRg=","Cs9b1PaQIkyX4YFcBwVsSV00r1kOwDysGijYEmQZKaw=","Vw1ktCeQvayDYHwIQ0cggLFOt+3X9rKeCF8BCe96zKo=","MuS02ssihtLJlityi/rkn6rXXr2J/86ODzWddSg4Ym4=","G3sE6IQvOaV+aXvxtisVfJ6MoxTsXgdnXh8Duip5ZXY=","HuLKwwIa8imkYp3vSft6kFSZY0UMBp5gP3okiG7mf2M=","vvzpAbHBfpfxVtjwn3ot6JbDC93pX9PLwA+MARVozyw=","Ty5lTk/R1YmucASo7iI1lPDaHp/IDNL03yoVkWRyp7k=","Z4GJxUthyk3xwJ/u2KkCQgMQZEe+Z5Q3/oEMj+m3ses=","jN1JYg+dA8+jV6BvMx459R8ZYasKW+lAvCrGneF/mzY=","iu0bvMKpqj9mzo+D56wPxI3bDpuxZhCdVnKJWoZjlZo=","5VdZ8NXXpTYLm6EzhOYpXCtewlZTEFluMFTg5pQ66tU=","ulHSkKrS+ayJSv+rtkaVvT1eriNRlNrgZ1k6mi6UAMI=","YqFCk3IQbxabTpfKS0i7ugbr9Fgzu0DEdRPVFmIbXQA=","55Lx5x6YsGmoGCtvWovpVqAhlTnUwMFgfiGf9qHo1bc=","JT+PzlUINelDY8WAWF1wxiG+A/Rci1qgvlM1mkkDZEE=","7KSBI4hlWNZFdwbPC4qzn0GopcNMz5qd0MEqH3if3Pg=","yvX44ECPoQhvgKNhvoafpJduQJw8S7j1wSy7R8HN10A=","zAW+fGN2A86enR8nKuNGCNLydVFIhTeDEDeqj8Xdt8U=","8FjRh0TaNlubRkbEUoMTyxFXhKdFvITO7MzOmej1yPg=","g3yZFjyoJGwVJ1qbT0LaxR+o/SGyH75CgE2xVTACCD0=","3ZM24VE1OFi7Ndm/ARtY3Pgzm/BqNsmdctMuA9a8EVw=","AaRWHfh/CkWu7ZcAraFUFSnkK6N1sIjP+hLT1lqijsE=","XFBSv5mKCRm5H+aVF+TK/aNloGEjHkYvNIQPWmJhgpQ=","G06xBXLwi/hfVcHscewfvGOGwDCiXpGHm/aWCCTugdc=","BtjBGYeYGMWa2EwERX4ZpydrZoaqqowYtm5f4EtrTg8=","EI70VpZkp/E7UePBzMw9Pswlc1s97FO1yjJkYTdHkEQ=","1PNTvRM0M3fMZpMyZn4Og2jS/1nogsnnz4edOEvBlsI=","AItNvmGL5NeoQXJgQ9bbnwB2yK8SBEyV0lFnKlCToGI=","pZzhAkY9BRPbCYoPyC20lTsvobfkCSwOgFCStXKNEBo=","nmXAz2EvrdiaZDMce9HfVdhaSI+oISOjtxmKD24Oty0=","WOZgwLDDI4mpVp8gu1jRK/dqBK0hp7L1P6M0bLGKkAY=","sGaxULjdAD8QLjs6oy6pBSFJuaXTs9QUSjfEk1WkUrY=","T5l9lDh4Rs2Rt6u7hi1L0dUrLQ6EKal7fmxioQGLvyo=","XPkK7eLDL2H8zq4dBAdChtWexAyCgoEhXe+Ee0BYpQE=","YGMojUNY3T0QenySlDWBY2Xc4u+4ca6aC+z1+kCjj5w=","AsQ2Gg7unk917glF6Om9lTnWPmJ1qmrNbYyPSz0psls=","/Cv9Hx+v/ew7NklrqiFtX5fmkqGzdcbjdq0O9UUFkcI=","eWUWDdaMqNeL83YxMulXtzfDCynU08Qphedj81PR34c=","bFVT0/HlhGLR7i1hQmKkm3d0p/SBR58EfaOec/KiimM=","JmsxdwsQc1Qw53ICW3IUPCvKyraH7qUbdwZdNiXvUIw=","R1fk9wxXstJKOwbpnBrKaCk8qlH+uXHg8t2sAaH39Bo=","g/5vdXBSSAHYSoUELbU0auUdgNOgzoF06qFvrJLk47U=","3RRTw0HvuU/phgzwngOjIR88pmh+zEbVy9oSaX75gJE=","UcuBSd3Xw8JR5kvTJzyGBC5Hj8bXeIZNbHCOmYfuykA=","pPVwhnOhItddXT9Zhzy4dJJexmU3eqezH1j59vnlQms=","eDAs5PBNUudyoMhZZAn9BP3pl9Rlx91UDnTGr53wdYs=","G4kz3Qq2t/quOmSc7A18w+UkpAIj880azqwau42uv7Y=","Ft7thkrq2IJWi2sbNW9/d7KBWVipOfWYDTtaK2qLNoU=","Jp8vi0bbqb72jSBGmE4Ehju4UF+/wz5baybsrwKnfCA=","oqQPUc96mlhVvh/9yk53HD9sWTf8tlCDTE/HMhAis/s=","L++FGYD+IqoZ9+howXO7cTPwcQrrUVtyk8N7W+RAnp0=","f5HYzDY9nlJszhZE6c5r24HhYe0GH0DPWb8Ahupp7Y0=","RzFwEFvyU1144xyFmhH711/KzpfVFFM9/7iBW8d5aJ8=","jovNU5Hg5IxrPbz+6VQQcB1bflQibWmOo/BKrdHS+RM=","HUkKRD18Gq2wUB7lZ3cWUrscyFPfaH02hz3TISKd1Vc=","pJH52VL2SJTtT8clcwi+G0Fspj4dqlXY10X19ug+r6o=","YYylaqXjw10NqI13uJhiQT19qdzGV+Jt+tHsI+POiSk=","QQ5Z4IZQfVkt84y+Ae6+VKF03Ek8R/7AMLdtukwmQL0=","3WX0DF4qSG+dJlWHOCJWC2kJpaKwe30evatH38y0evo=","wb4YEl+v0eTuezgJN53TNYa20X0RhqwceYnq0Ar3Zr8=","7NvbKzU9vkgFfVIoXfwHkLNQJRZMOJfItBcwiPNgoek=","gxr4idwWyOVS/IIh/P4yZQghlSRTNR4lh+6Lhcpr16A=","Q3+Wsu0ZBaDdW0OO+TfnyUg1u/BAL4U3U92kw1xSdjA=","yakHV7dpVDfkb1/PPMyFD9/LkGaB6np88gCPeFXdx/A=","1jhHzlQTjIEi2H6YRJLTR+7nqWQ6CmfD5Udp0okDGDs=","W1CR0pcnFV8JD/F9to+Sw4lK8gPZy6n77okL6hBNmTM=","59JpXbmk/+dhiPyJ+sgq/qXmnZjSrKq0mDnMl/MezJ0=","oIaxcMWXqH6XS7jxz9UYWxYYo7QSK8Vd3Su29QkjS6U=","9LeTbomS7UgqtRObOUuZgnLQrhW7b7LcNHOnhcN3oBc=","mlPUAC0HyQDVS5qYcnre7ZzbeD2CjSP7pVigVXLn37M=","wiWajDpMlHxikXfNSOevpwSrKUCCCkzMEZLGoSyibrY=","aWSbTo+VmaH/Ldj/hpBxswBUYzyr0mJguEoK/34dVxU=","IVJJEaVRX1bTfXG9R5pxeHOBNt8AYmx76B9UkteNjX8=","WHGnq7WtBHqW7bkkInQHWKCiwMhC1wjy0VnBNeDgKb4=","KwGINNjYYxvuJl12F2FovyeiIlqSN/Z2DNOfrxsOJaY=","FXKPALktmsTzJTmNTYLG8l3NXUkB3F4XJZQ4Yne8j3s=","VA69usS1PbQWawiUvA9XtonfX7Wd1poRduduIl0FfVQ=","q7Bk8MIVjBGvhdriP9Zufx4JwVhcnReQd+/wJOzvlG8=","nZ2jk46pWtxqoq5FXlDoxUbNAVtMzWgD92fYA6fMLbg=","iFa2/cjPN5vXKeEuBlE9Hzymzz4orsAf++zLVUPHWPE=","0FSsxumD8wvVALmUmY3YzJDGQUQj0/Ya9qja2BmHNho=","vFZjtvSGQR3AwnfWkMgBM1Ho8K/W7kTkgYDl945b0tk=","RXT3DU5IJWUzcSgqFq252yADjRXE7DuL4sbLwRMzKag=","DkaBWLpIJkrFnn41eQkfAtT8sMbbEcwtVcv3l0AFS5U=","5g9GZto9sSl6pGtuknwdA55AqvcAp82SoxOD+eBgaWA=","eWy8n5O6JC14+u+/e47CB2ayPiv4dGD/sVk+2LSb/8E=","GqVrhPod9Zce+QSX7Zc09TVyJIdpC3c0X9jUWEKprvI=","NIYhfb200BiUJowtCQ1l17IN7RXZp44bUVzzzQZ+ZG4="],"block_size":4096,"path":"src/content-script/ozonbigsell-goods/main.js"},{"block_hashes":["LiJSx7EymSCmNxSHzv7oRRIsgN/bHQMqF0PVTG/EiMI="],"block_size":4096,"path":"src/popup/popup.html"},{"block_hashes":["iARxqkBfAvBHzZsOdLz+I6SYONUgsG4YzaN6AR/uqvY=","YEJZwaul43063HTvkuC7PiYvE9J9+vSCuufoiFjg+2I=","k8BtbWTJG/Fa77A322gWXB2qLLBHzY4W6O3a2FsEclQ=","qQhaIJ3B0P9TF9BlCYqrdV6QIFu5RTAr+DB79iVwJD8=","tkURhcfCE4Lz90UhbfgDshld5GfH2wbpZe7q9yz0zSs=","NRB2tmUEfDJOr+PXTmTeNi8T8DJuVPuzR+x3fmkRvug=","Ivo6E77IZNcasRBxwl5vVz0WwFhAMUz8+PeW3P83e7o=","8c5+R4kHsokvJKysv5p/yqct6vCrzVL0YVMdkIuL0TA=","mk+aPqw7QZr4cyUzG4MkzXZDrq4N8b27Z7a2cj7xBLA=","4nP8GWNkfxvvV+VXqkZGgHD0GzKSsiqHelKLaKwj4H8=","4eVQO+fi4gYUIzKjI4Dudahv9wiJg6am6UK1t/ZITrQ=","rMwrl1mwvJMy/YywQJqYdmseDsf9lpJLARQ6E775rkc=","RKfZY61OQ/PRGA3yqM9EzlesKxX++bg3bK5OXSv/go0=","jL50fhjiHF+8VFVaIIrIdtaCfPBsogcfGO+vb71/gNg=","s1xQi+L+r1ZCpxnw5fQ2wR+LQN9NCzM086PWAgl0Yt8=","juGhW7M85hVCYtjFITW+I4/rYUK6SEy6oKihc6gVsCo=","o4ZL1ZFzgO8I6eYibLOqYPW0hpW9kTiV8T1nDOXJ9Hk=","8vwdkvfdyUaAjIfpWjnfrv+ZDuDkI+FCLYBz61vLMSE=","qBMCQ2uHz1mhDVIkjT2X4ifbzXFRZEsRtDZdbgWaTrc=","WJH1HAUJJaTdM42VL855V07m0HNusqNvI6xj/aP4/3E=","Gpt+m0ln8/hNOqoJTCABE0f574HrEkZycWI4rmx9dDg=","DSYrXc3+KSU3Uk4s4mdGAb6yw+cZRoR3H4gk5YnNt6g=","RXq128MNK7Uri75Ddei7YwBKGqIq3FP1syVnNGcdAbg=","myfzsQ4mLirfNDQfxsh757aft1skuUipHvqlRyW3BpY=","W4MIwu2P1Hpf/TyhPzr2mWfEQeOwqcTh5XESYoqyrtM=","WNUzvEUPhVGRzW4b2gH5Wu3RI8O+Pl39K9Gp0pdBbxw=","PXsEeSyjUoej81VsTntpmq+q2+bVFfHdhqFcGgqKdFs=","H2j2GJzWDrWTpkQsp5aJ4A4VBPvPBGBjSMC6AqBH79E=","eQFoJUFs97L6IqUosdGJIv00hvrceGgw6BhRPAfQznU=","pE2CDsMK3yxypYII+XJi6SfnQi3eEtzXkNA+hi+dA6k=","PUrvG6itShXSj7DLxocHzVK1B7fRSNN27FHLmi6K/qw=","bt/gh/yEw3fo+y5BaRCBrVQVik7jvAW2k5JuwUQbAd0=","jP2dwQ5nPrzGkImZqhksimjPntii8OcyFR1Woij/+9E=","ejpucmZyrwnT6gCXXNIpQgjyKrpfvx1GnVLsIuICbkk=","1SrXBS3z7HVRJVuFYyojLVlsFfgzV60iNfU4FuxRyqQ=","3y4yKGRh/Sbqblbd846BnxFvjZHT1pW/cHkWBieGTAg=","VZlO5OeCnxqMUXqn57dHNFWZ61SyG43qwk5mNrrXS4E=","Beug2otz4oegxfnFbYiSUsjB++F4BWSRGhjEqE6TlBo=","t5+8BpeD9Yoaa4VsYVyJpTCh9FsdwFSsNh77Bl5wKvE=","YXa28lO1LlgL8v3FxZm385IXIo9MqHzwPoa39qezYEI=","3PjkT4DiwHLUFeglh15Y4e6m7UuGbHfcv9zQrXRC/UM=","c3jTzC/MnfpoWnL8X5+1lpKUe/Vk6ussxQhtFro2358=","tYy1x7y5yBK2mSSsHgryqQum6NnnUJQKTdUn1xJwOaM=","da+t1cjVSa4ZoXCkSzU+30tlR0hWIqH0/h7G8UJteBA=","UqEHtQHeDdJFQZWXduKfNTK/+WrBvsFIHwQoSFzB8TM=","w2z/etXEQ7npyghRktQh8LQOIn9ZPEcmS3vVDzp8lbg=","PDkZd8XMR8bmzh9zqgQ7DMN0JdZbY0FYu1gVJudE68s=","8x3T1c8Fjjt2DbMWbpg1NEd186j6BYJdUNft9n3nev4=","Os20yrogH/i/q5LBHjteAY6R5wdra4uH2QqYBmB9tsU=","gMUwGyJp+yLcK1xPGpR5mqPxp/R3PDY/FWk+xY1C6qI=","f708nXBdFIAxGjBAjfN5eOgQHka/trSqajOxZ4UEe30=","tFHg3yzJLOUHGGD8Rb/or/yit10faKXK8z0DmweZyAo=","2hx6ME0s2TB1ehE75vdgmLRU8Cr7RXwfjh2L6wocOj0=","5so8EEdnYxoPodyclI1ep7qh1MVMawdWlTs1RDUa42k=","O7L/1cNYVZXfT8DMe5xnTZI7cAO06UAthQRNRKaTsKg=","pxh77RWJvnog1njbtgbWPa+rWq1Z8qRM3yTzkynDuyM=","UZ55JCCS2pH/1+M1DoVwN3j+JNSvMugzEW3jWXpMPU8=","9MGphv+1zvG6F5IwXdVupA6RZl1Z+4c1U5GNGhAWDtk=","kVTH0bczwYmf1VBJ2z3Io+xheYDnPsSmi+G4ARj1124=","JlOpG06x6QQH/7qqWy6n3iR2TZeV46E4quLdDtBq1CA=","Bvf8DGHQ1XWaRp4Sq2ncW5a7qERi5pnoaWxMkYytxGM=","P4iFYINvGGJDFqFySh4VbPx1s7+rKZJ+YY0to9yiF+A=","C+uXz1Ij+IqDpGaoqXabG2TMRzU60BdlFNwbrQ78S0I=","n/p44kGPpjKmQwErVyd0YZ3xwKCqtujmjwvmPKtLwqA=","samaLnEWg8EU9JYyW824l0wT8kY+LNdnT2jT/CSj4sk=","a0LPU/gJd0d6tQQVWxfga7vxCdo8mv3eUvOWr7lBijo=","I6BsMz8HOOgIDzConkDA/UWWiQtAX4r4SxdcP9gpLzU=","ORTxI288yFdGGKSWtki0Swo9ayNzFQEeoih10/a/erc=","L9sLwtV4CDvcjIdzEoPTQc/p2a7Ffy6dO56cuuzerm4=","Yr3cv9KLr/XL0ZzIKbdC7K79wbRAZBvqeN5uTUu2rQk=","xPucpAjiE6RWpSPcmj4bbEnCJY0I8vkmFn9quvoT55w=","XIKIBOEbj02o/n8Y8xBPSXzLudYdUDyNzpbfTwLnHIQ=","paYladT/3Kx+GGGKtP96aaZRP44gZRfdJNOt4ehAAEg=","fwzUJCjNY4vfd/wCA6gAO5KO2vqLeR5Mqwz61vfLaz8=","t/POgKgtlLINy5H9LjRq1vR34F4IdB2doOhOpDq/BJ4=","IsC/QV53VWV5qlKfWCcfr/uBzdz81TZHPgbB8RwDLbE=","FBv4dPOB7t9tZyxj3gbie4iGtDmkdWvivE/z8KUNmL8=","Uz6aOxpd0imgac4ckk6Et8QB6afuttbA8vV0/pkTMI4=","HMTa322CaRSqN2tzMNLtyMLkhPi4hJiIJhb0O173HcA=","XI99ht199oJF+6YOY9JLIFtdYyuVQeRBDInT+mE2tv4=","Slqgo+tDHFMvD0tNLn0YDtKq6fRMVS7SpbwBSDtnLgg=","bSXe9RKoLGIsZgGgepil9qclhTg+/+ACeOf1uCf/zh8=","ePRLQ8AhqeQRK/iDJF7ugv62yTgSjmoEzm8LDhgTIRs=","tucxisOi09vWJudRAO/+pKs6GLgGiJAmWpxjIoPwpmI=","gOMcytO438yZukqHNN2K7Lpi+MlWETBt6nBHDgGik9Q=","/QWiLxMa/O1iKjarJAMruzUAZHVTvIXuTHHXjqYUZE0=","+J9YkcZv/sYem8ewSSa5iKdNiXZqM5d6BDDcFXIFcwg=","YPcDzNfZGG/uD2XSDLGLeUTYFMPAm0kIjFyL5Gaxr1U=","kDmycK/vxiwnoLEaYO9jQXg7BPwdBqDFNPoqSwxFLbg=","c5/i8tLGXiqPP1qXuwcb1xuxNgoguZ0TsE6o2zYQFuk=","qwphz22H0RPjgg8foJWd3ptKgUl+AN8/p5HlDl1zg4I=","x4xyl5hZ70rbQVvN+xMPpRTMhXo0svKHmr7eUW8MnZU=","ryYKdW5aYqPU7PGW/B2IjQoRymZowVIcw2NHeF3a9m0=","kJwdkydH2TF5avS+RTAbdeHRVViyuyKW9Z+x3kFEHLw=","5S7FF1da4WsNotJc8gJpcj3pnh1RDHaOHyjkjZeDf50=","Oj4t6X/aT0Zk6bemsxpsKcCmXEoWD+y7lvZems1l3vI=","D4TV1tKg9DDoSYveIvjvPhwQ/GTBMXM5kx25H8ARiiw=","xeqhanglLZBS/rKH9Xi7UmCWlA0/h9iSg+BLOAk7hdM=","wfvB35zENDXuXKb95PiYTp+If20KWyDLOioBGLRdyWI=","UFWicuywZonV+NCdaaMCHwRNABakJruVW4xqzdXKJ2s=","9rnhy4K2u9wje5lhd2ed1kURRSFqgyQA8p6Uzh/EYLA=","hEDhI56V+KccEnSwXyWOGi3ZWEtdjYKIeedGZDg8sAk=","dWgkR4p3FVRYP8sEoQ0vtsFKpcslKjqnrgez2uCtGJA=","FRdSBFVev5wZTdUAt5qc0e7Shrf+MtGs+XvHlJaS2D0=","DZu9P4x5TdAm7977YrmzRl5odH6BYNWV/9FML2qLFNc=","xfIqdTDsvUD1TthELM8A6dByGY1FxJb+bAsTMau1+1M=","iUE1LxS4FNduBldRReAqjM9yoW7s/oaUYGOfdFBUZ/4=","L4CPjEmUEDWuedl/elYEUfuzmZZxfCqs/pANHrki014=","jnvggv5dDxjvvugKPZV0VIgrS/TIUzT5mKOa8dA/S6k=","fy/9yEMq2EdRBoO95trHqFCLVnXgjNseiM9JPLN7B+U=","7NNFtkhKJ34V8q/AyxPe+Uai9D5bmF3WMTCNnaf+By4=","lVFs1UNCLDPd6m58Bo7XtQHRdPUKE51kISXGE0b/HUQ=","j0YHiP+1od42JM7MMTxtqv1zqI6ki4cED1tWLfDciDs=","YSkLdsSJ7kNpd+DP7RydvHb5vi5AmPomnUtEU3sYneY=","J3EITxl/+B36JEF9sMZlXKrcs98CDVzAXM1qv7ZFceU=","9lVwNwVaH1VWD2Xmy0aeQS5+XB3DbtQKxdSy+1oXomk=","91h68EsNDMnp214nI28t/3Qq2mSNrAdU0VAqL8stp4Y=","C/rfNSKSPQ6Yr8+0GodsFKXWk+8yG4fPzskxOG/ZCJs=","Bp6fBF7SuWDblMHVqctZFlXL+A7DIOr6hJyfhtWuw3U=","z/VgLPSKSU4Hvo+K/m7RkoNJuSC3erOu73YFhdJ4TKw=","QK3wd9UCcrLATO4obU500lVyXoOpY55EeU7YNpJyYOs=","aOvZdJVtyI0uvxCmBRMCNeFNKKjrlgswRluqk/igD1M=","XfnR+9ExeyNhe8LJIqwnytFnhYjAqcgCLfYMjpqD8GI=","OvusSyhknxTseMEdIpqRoOzvJT/vMSaHqwy3QtBsk0Q=","uhWLjAk9NtPg1+3qU3VtyWnq1bFnIyXWoojThiuag5g="],"block_size":4096,"path":"src/popup/popup.js"}],"version":2}